"prim_key","series_id","extra_data","pub_url"
2195,OFR-29,Plates - Zip,open_file_reports/ofr-29/ofr-29_Plates.zip
2194,OFR-710DR,Lithologic Column,lithcolumns/OFR710dr_MtEllenBlueHills.jpg
2193,OFR-710DR,GIS Data - Zip,open_file_reports/ofr-710/ofr-710.zip
5,C-90df,Tables - ZIP,circular/C-90DF_tables.zip
6,M-110,Text - PDF,hazards_maps/M-110txt.pdf
8,M-133,Booklet - PDF,hazards_maps/M-133_booklet.pdf
9,M-140,Booklet - PDF,geologicmaps/7-5quadrangles/M-140_booklet.pdf
10,M-210,Digital Creation - PDF,geologicmaps/7-5quadrangles/M-210.pdf
11,M-246dm,Unit Descriptions - PDF,hazards_maps/m-246/m-246_UnitDescriptions.pdf
12,M-24,,
13,M-48,Filler,
14,M-53,Filler,
15,M-54,Filler,
16,M-55,Filler,
17,MP-15-5,Field Trip - PDF,misc_pubs/mp-15-5/mp-15-5_field_trip.pdf
18,MP-15-5,Invited Paper - PDF,misc_pubs/mp-15-5/mp-15-5_invited_paper.pdf
19,MP-15-5,Posters - ZIP,misc_pubs/mp-15-5/mp-15-5_posters.zip
21,MP-15-5,Short Course - PDF,misc_pubs/mp-15-5/mp-15-5_short_course.pdf
22,MP-15-5,Short Course Presentations - PDF,misc_pubs/mp-15-5/mp-15-5_short_course_presentations.pdf
23,MP-15-5,Technical Sessions 1-2 - PDF,misc_pubs/mp-15-5/mp-15-5_technical_sessions1-2.pdf
24,MP-15-5,Technical Sessions 3-4 - PDF,misc_pubs/mp-15-5/mp-15-5_technical_sessions3-4.pdf
25,MP-15-5,Technical Sessions 5-6 - PDF,misc_pubs/mp-15-5/mp-15-5_technical_sessions5-6.pdf
26,MP-15-5,Technical Sessions 7 - PDF,misc_pubs/mp-15-5/mp-15-5_technical_sessions7.pdf
27,MP-Letters,Filler,
28,OFR-150,Volume 2 - PDF,open_file_reports/OFR-150_v.2.pdf
29,OFR-150,Volume 3 - PDF,open_file_reports/OFR-150_v.3.pdf
30,OFR-150,Volume 4 - PDF,open_file_reports/OFR-150_v.4.pdf
149,MP-13-1,Appendix Ia - Excel,misc_pubs/MP-13-1/Appendix_Ia_GC.XLS
32,OFR-211,Filler,
2019,MP-14-2,Data - Zip,misc_pubs/mp-14-2/mp-14-2.zip
2137,MP-16-1DM,GIS Data - Zip,GIS_maps/mp-16-1.zip
2020,MP-17-2DM,GIS Data - Zip,misc_pubs/mp-17-2/mp-17-2.zip
35,OFR-468,Excel Data,open_file_reports/ofr-468/ofr-468.xls
36,OFR-492,CMD Database - PDF,open_file_reports/OFR-492/CMD_Database.pdf
37,OFR-581,Excel Data,open_file_reports/OFR-581/OFR-581_database.xls
38,OFR-583,Phase I Report - PDF,open_file_reports/OFR-583/phase_i_report.pdf
39,OFR-583,Phase II Report - PDF,open_file_reports/OFR-583/phase_ii_report.pdf
43,OFR-593,Table 1 - Excel,open_file_reports/OFR-593/Table1.xls
44,OFR-593,Table 2 - Excel,open_file_reports/OFR-593/Table2.xls
45,OFR-593,Table 3 - Excel,open_file_reports/OFR-593/Table3.xls
46,OFR-593,Table 4 - Excel,open_file_reports/OFR-593/Table4.xls
47,OFR-593,Table 5 - Excel,open_file_reports/OFR-593/Table5.xls
48,OFR-593,Table 6 - Excel,open_file_reports/OFR-593/Table6.xls
49,OFR-593,Table 7 - Excel,open_file_reports/OFR-593/Table7.xls
50,OFR-595,Appendix A - Excel,open_file_reports/OFR-595/OFR-595_AppA.xls
51,OFR-596,Appendix A - Excel,open_file_reports/OFR-596/AppA.xls
52,OFR-597,Plate 1 - PDF,open_file_reports/OFR-597/Pl1.pdf
53,OFR-597,Plate 2 - PDF,open_file_reports/OFR-597/Pl2.pdf
54,OFR-597,Plate 3 - PDF,open_file_reports/OFR-597/Pl3.pdf
55,OFR-597,Plate 4 - PDF,open_file_reports/OFR-597/Pl4.pdf
56,OFR-597,Plate 5 - PDF,open_file_reports/OFR-597/Pl5.pdf
57,OFR-600,Appendix - Excel,open_file_reports/OFR-600/appendix.xls
58,OFR-602,Table 1 - Excel,open_file_reports/OFR-602/Table1.xls
59,OFR-603,Table 1 - Excel,open_file_reports/OFR-603/ofr-603_table1.xls
60,OFR-608,A to Z Methods,open_file_reports/OFR-608/atoz_methods.pdf
61,OFR-608,Detrital Zircon - Excel,open_file_reports/OFR-608/1835_upb_detritalzircon_agedata.xls
62,OFR-608,RV-46 Detrital Zircon - Excel,open_file_reports/OFR-608/rv46_upb_detritalzircon_agedata.xls
63,OFR-608,RV-48 Detrital Zircon - Excel,open_file_reports/OFR-608/rv48_upb_detritalzircon_agedata.xls
64,OFR-608,Zircon - Excel,open_file_reports/OFR-608/1831_upb_zircon_agedata.xls
65,OFR-639,Appendix A - Zip,open_file_reports/ofr-639/ofr-639_appxA.zip
66,OFR-639,Appendix B & D - Zip,open_file_reports/ofr-639/ofr-639_appxB_D.zip
67,OFR-639,Appendix C - Zip,open_file_reports/ofr-639/ofr-639_appxC.zip
68,OFR-645,Table 1 - Excel,open_file_reports/ofr-645/Table1.xls
69,OFR-647,Appendix A - Excel,open_file_reports/ofr-647/AppA.xlsx
70,OFR-647,Appendix B - PDF,open_file_reports/ofr-647/AppB.pdf
71,SS-115,Appendix A - PDF,special_studies/SS-115/ss-115_appendix.pdf
72,SS-127,Plate 1 - Surface Fault Rupture - PDF,special_studies/ss-127/ss-127pl1.pdf
73,SS-127,Plate 2 - Liquefaction - PDF,special_studies/ss-127/ss-127pl2.pdf
74,SS-127,Plate 3 - Flood - PDF,special_studies/ss-127/ss-127pl3.pdf
75,SS-127,Plate 4 - Landslide - PDF,special_studies/ss-127/ss-127pl4.pdf
76,SS-127,Plate 5 - Rock Fall - PDF,special_studies/ss-127/ss-127pl5.pdf
77,SS-127,Plate 6 - Expansive Soil and Rock - PDF,special_studies/ss-127/ss-127pl6.pdf
78,SS-127,Plate 7 - Collapsible Soil - PDF,special_studies/ss-127/ss-127pl7.pdf
79,SS-127,Plate 8 - Gypsiferous Soil and Rock  - PDF,special_studies/ss-127/ss-127pl8.pdf
80,SS-127,Plate 9 - Breccia Pipe and Paleokarst - PDF,special_studies/ss-127/ss-127pl9.pdf
81,SS-127,Plate 10 - Shallow Bedrock - PDF,special_studies/ss-127/ss-127pl10.pdf
82,SS-127,Plate 11 - Caliche - PDF,special_studies/ss-127/ss-127pl11.pdf
83,SS-127,Plate 12 - Wind Blown Sand - PDF,special_studies/ss-127/ss-127pl12.pdf
84,SS-127,Plate 13 - Piping and Erosion - PDF,special_studies/ss-127/ss-127pl13.pdf
85,SS-127,Plate 14 - Shallow Groundwater - PDF,special_studies/ss-127/ss-127pl14.pdf
86,SS-128,Plate 1 - PDF,special_studies/ss-128/ss-128pl1.pdf
87,SS-128,Plate 2 - PDF,special_studies/ss-128/ss-128pl2.pdf
88,SS-128,Plate 3 - PDF,special_studies/ss-128/ss-128pl3.pdf
89,SS-128,Plate 4 - PDF,special_studies/ss-128/ss-128pl4.pdf
90,SS-128,Plate 5 - PDF,special_studies/ss-128/ss-128pl5.pdf
91,SS-128,Plate 6 - PDF,special_studies/ss-128/ss-128pl6.pdf
92,SS-128,Plate 7 - PDF,special_studies/ss-128/ss-128pl7.pdf
93,SS-128,Plate 8 - PDF,special_studies/ss-128/ss-128pl8.pdf
94,SS-136,Plates - PDF,special_studies/SS-136/ss-136_pls.pdf
95,SS-137,Plate 1 - Liquefaction - PDF,special_studies/SS-137/SS-137_Plate1.pdf
96,SS-137,Plate 2 - Surface Fault Rupture - PDF,special_studies/SS-137/SS-137_Plate2.pdf
97,SS-137,Plate 3 - Flood - PDF,special_studies/SS-137/SS-137_Plate3.pdf
98,SS-137,Plate 4 - Landslide - PDF,special_studies/SS-137/SS-137_Plate4.pdf
99,SS-137,Plate 5 - Rock Fall - PDF,special_studies/SS-137/SS-137_Plate5.pdf
100,SS-137,Plate 6 - Indoor Radon - PDF,special_studies/SS-137/SS-137_Plate6.pdf
101,SS-137,Plate 7 - Collapsible Soil - PDF,special_studies/SS-137/SS-137_Plate7.pdf
102,SS-137,Plate 8 - Expansive Soil and Rock - PDF,special_studies/SS-137/SS-137_Plate8.pdf
103,SS-137,Plate 9 - Shallow Bedrock - PDF,special_studies/SS-137/SS-137_Plate9.pdf
104,SS-137,Plate 10 - Shallow Groundwater - PDF,special_studies/SS-137/SS-137_Plate10.pdf
105,SS-139,Plates - PDF,special_studies/SS-139/ss-139_plates.pdf
106,SS-140,Plates - PDF,special_studies/SS-140/SS-140pl.pdf
108,SS-141,Plate 1 - PDF,special_studies/SS-141/SS-141pl.pdf
109,SS-143,Appendices - PDF,special_studies/SS-143/ss-143_apps.pdf
110,SS-143,Appendix C - Excel,special_studies/SS-143/ss-143_appc.xls
111,SS-143,Appendix D - Excel,special_studies/SS-143/ss-143_appd.xls
112,SS-144,Plates - PDF,special_studies/SS-144/SS-144_plates.pdf
113,SS-144,Appendix A - Excel,special_studies/SS-144/SS-144_AppA.xls
114,SS-144,Appendix B - Excel,special_studies/SS-144/SS-144_AppB.xls
115,SS-144,Appendix C - PDF,special_studies/SS-144/SS-144_AppC.pdf
116,SS-145,Table - Excel,special_studies/SS-145/ss-145_table_c-1.xls
117,SS-145,Plate 1 - PDF,special_studies/SS-145/SS-145Plate1.pdf
118,SS-145,Plate 2 - PDF,special_studies/SS-145/SS-145Plate2.pdf
119,SS-146,Appendix A - Excel,special_studies/SS-146/SS-146_appxa.xlsx
120,SS-146,Appendix B - PDF,special_studies/SS-146/SS-146_appxb.pdf
121,SS-147,Appendix A - Excel,special_studies/ss-147/appxa.xls
122,SS-147,Appendix B - Excel,special_studies/ss-147/appxb.xls
123,SS-147,Plates - PDF,special_studies/ss-147/ss-147_plates.pdf
124,SS-148,Plate 1 - Flood and Debris Flow - PDF,special_studies/ss-148/plate1.pdf
125,SS-148,Plate 2 - Landslide - PDF,special_studies/ss-148/plate2.pdf
126,SS-148,Plate 3 - Rock Fall - PDF,special_studies/ss-148/plate3.pdf
127,SS-148,Plate 4 - Collapsible Soil - PDF,special_studies/ss-148/plate4.pdf
128,SS-148,Plate 5 - Expansive Soil and Rock - PDF,special_studies/ss-148/plate5.pdf
129,SS-148,Plate 6 - Gypsiferous Soil and Rock - PDF,special_studies/ss-148/plate6.pdf
130,SS-148,"Plate 7 - Piping, Erosion, and Wind-Blown-Sand - PDF",special_studies/ss-148/plate7.pdf
131,SS-148,Plate 8 - Surface Fault Rupture - PDF,special_studies/ss-148/plate8.pdf
132,SS-148,Plate 9 - Liquefaction - PDF,special_studies/ss-148/plate9.pdf
150,MP-13-1,Appendix Ib - Excel,misc_pubs/MP-13-1/Appendix_Ib_BC.XLS
137,OFR-483,Outcrop Gamma Ray - LiDAR,open_file_reports/OFR-483/Databases/OutcropGammaRay.LAS
138,OFR-483,Outcrop Gamma Ray - Excel,open_file_reports/OFR-483/Databases/OutcropGammaRay.xls
139,OFR-483,Pay Zones - Excel,open_file_reports/OFR-483/Databases/Payzones.xls
140,OFR-483,Tops - Excel,open_file_reports/OFR-483/Databases/Topsfile.xls
141,B-135,Appendices - Zip,bulletins/b-135/b-135_appendices_data.zip
142,B-135,Plate 1 - PDF,bulletins/b-135/b-135pl1.pdf
143,B-135,Plate 2 - PDF,bulletins/b-135/b-135pl2.pdf
144,B-135,Plate 3 - PDF,bulletins/b-135/b-135pl3.pdf
145,B-135,Plate 4 - PDF,bulletins/b-135/b-135pl4.pdf
146,M-190dm,Table 1 - PDF,geologicmaps/30x60quadrangles/m-190pl2.pdf
147,M-228dm,GIS Data - Zip,maps/m-228/m-228.zip
151,MP-13-1,Appendix Ic - Excel,misc_pubs/MP-13-1/Appendix_Ic_CC.XLS
152,MP-13-1,Appendix II - PDF,misc_pubs/MP-13-1/AppendixII.pdf
153,MP-13-1,Appendix III - PDF,misc_pubs/MP-13-1/AppendixIII.pdf
154,MP-13-1,Appendix IV - PDF,misc_pubs/MP-13-1/AppendixIV.pdf
155,MP-13-1,Appendix V - PDF,misc_pubs/MP-13-1/AppendixV.pdf
156,MP-13-1,Appendix VI - PDF,misc_pubs/MP-13-1/AppendixVI.pdf
157,MP-13-1,Appendix VII - PDF,misc_pubs/MP-13-1/AppendixVI.pdf
158,MP-13-1,Appendix VIII - PDF,misc_pubs/MP-13-1/AppendixVIII.pdf
159,MP-13-2,Gravity Data (Hurlow & Burk) - Excel,misc_pubs/MP-13-2/curlew-gc-iso.xls
160,MP-13-2,Gravity Data (Old) - Excel,misc_pubs/MP-13-2/old-gc-iso2.xls
161,MP-13-2,Gravity Data (UGS) - Excel,misc_pubs/MP-13-2/ugs-gc-iso.xls
162,MP-13-2,Gravity Data (USGS) - Excel,misc_pubs/MP-13-2/usgs-gc-iso.xls
163,MP-13-3,Reports - PDF,misc_pubs/mp-13-3/mp-13-3_reports.pdf
164,MP-13-3,Summary Reports - PDF,misc_pubs/mp-13-3/mp-13-3_summary_reports.pdf
2275,SS-142,Plate 1 - Hansen Canyon - PDF,special_studies/ss-142/ss-142pl1.pdf
165,MP-13-4,Gravity Data (Bankey & others) - Excel,misc_pubs/MP-13-4/Excel/newfie-old3-iso.xls
166,MP-13-4,Gravity Data (UGS) - Excel,misc_pubs/MP-13-4/Excel/newfie-ugs-iso.xls
167,MP-13-4,Gravity Data (USGS) - Excel,misc_pubs/MP-13-4/Excel/newfie-usgs-iso.xls
168,OFR-411,Appendix A - PDF,open_file_reports/ofr-411/Appendix_A.pdf
169,OFR-411,Appendix B - PDF,open_file_reports/ofr-411/Appendix_B.pdf
170,OFR-411,Appendix C - PDF,open_file_reports/ofr-411/Appendix_C.pdf
171,OFR-411,Appendix D - PDF,open_file_reports/ofr-411/Appendix_D.pdf
172,OFR-485,Attached Data - Zip,open_file_reports/OFR-485/chem-density.zip
173,OFR-630,Table 2 - Excel,open_file_reports/ofr-630/table2.xls
174,OFR-630,Table 3 - Excel,open_file_reports/ofr-630/table3.xls
175,OFR-632,Plate 1A - Northern Portion Sheet 1 - PDF,open_file_reports/ofr-632/ofr-632pl1A.pdf
176,OFR-632,Plate 1B - Northern Portion Sheet 2 - PDF,open_file_reports/ofr-632/ofr-632pl1B.pdf
177,OFR-632,Plate 2A - Southern Portion Sheet 1 - PDF,open_file_reports/ofr-632/ofr-632pl2A.pdf
178,OFR-632,Plate 2B - Southern Portion Sheet 2 - PDF,open_file_reports/ofr-632/ofr-632pl2B.pdf
179,OFR-632,Plate 3A - N Brigham City and Cache Valley Faults Sheet 1 - PDF,open_file_reports/ofr-632/ofr-632pl3A.pdf
180,OFR-632,Plate 3B - N Brigham City and Cache Valley Faults Sheet 2 - PDF,open_file_reports/ofr-632/ofr-632pl3B.pdf
181,OFR-632,Southern Portion Report - PDF,open_file_reports/ofr-632/ofr-632southern_portion_report.pdf
182,OFR-632,Northern Portion Report - PDF,open_file_reports/ofr-632/ofr-632northern_portion_report.pdf
183,OFR-632,Cache Valley Report - PDF,open_file_reports/ofr-632/ofr-632cache_valley_report.pdf
184,OFR-632,GIS Data - Zip,open_file_reports/ofr-632/ofr-632_GIS.zip
185,OFR-632,Fault Trace Maps - Zip,open_file_reports/ofr-632/ofr-632fault_trace_maps_pdfs.zip
186,PI-60,Interactive Map - Webpage,http://geology.utah.gov/apps/slc_bldg_stone_tour/index.html
187,OFR-500,GIS Shapefiles - Zip,open_file_reports/ofr-500/shape_files.zip
188,M-246dm,GIS Shapefiles - Zip,hazards_maps/m-246/m-246dm_shapefiles.zip
189,M-246dm,GIS Data - Zip,hazards_maps/m-246/m-246dm_geodatabase.zip
190,M-246dm,Landslide Maps - Webpage,http://wp.me/P5HpmR-1ys
191,OFR-476dm,GIS Data - Zip,GIS_maps/CedarCity30x60.zip
192,M-206dm,GIS Data - Zip,GIS_maps/Delta3060.zip
193,MP-10-1DM,GIS Data - Zip,GIS_maps/EastSLC1x2.zip
194,OFR-491dm,GIS Data - Zip,GIS_maps/DutchJohn3060.zip
195,OFR-440dm,GIS Data - Zip,GIS_maps/Huntington3060.zip
196,MP-08-2dm,GIS Data - Zip,GIS_maps/Kanab3060.zip
2157,MP-10-2,Data - Excel,misc_pubs/mp-10-2/mp-10-2.xls
198,M-205,GIS Data - Zip,GIS_maps/LaSal3060.zip
199,MP-06-8dm,GIS Data - Zip,GIS_maps/Logan3060.zip
200,M-211dm,GIS Data - Zip,GIS_maps/Lynndyl3060.zip
201,M-212dm,GIS Data - Zip,GIS_maps/Manti3060.zip
202,M-180,GIS Data - Zip,GIS_maps/Moab3060.zip
203,M-189dm,GIS Data - Zip,GIS_maps/Nephi3060.zip
204,M-270dm,GIS Data - Zip,gis_maps/panguitch_m-270.zip
205,M-198dm,GIS Data - Zip,GIS_maps/Price3060.zip
206,OFR-586dm,GIS Data - Zip,GIS_maps/Provo30x60_OFR-586DM.zip
207,M-195dm,GIS Data - Zip,GIS_maps/Richfield3060.zip
208,M-190dm,GIS Data - Zip,GIS_maps/SaltLakeCity3060.zip
209,M-267dm,GIS Data - Zip,GIS_maps/SanRafaelDesert_M-267DM.zip
210,OFR-549dm,GIS Data - Zip,GIS_maps/SeepRidge3060.zip
211,M-213dm,GIS Data - Zip,GIS_maps/SmokyMtn3060.zip
212,M-242dm,GIS Data - Zip,GIS_maps/StGeorge30x60.zip
213,M-222dm,GIS Data - Zip,GIS_maps/TuleValley3060.zip
214,OFR-506dm,GIS Data - Zip,GIS_maps/Vernal3060.zip
215,M-207dm,GIS Data - Zip,GIS_maps/WahWahMtnsN3060.zip
216,OFR-441dm,GIS Data - Zip,GIS_maps/Westwater3060.zip
217,M-263DM,GIS Data - Zip,GIS_maps/BrianHead_M-263DM.zip
218,M-265DM,GIS Data - Zip,GIS_maps/Faust_M-265DM.zip
219,M-262DM,GIS Data - Zip,GIS_maps/GeorgeMtn_M-262DM.zip
220,M-272DM,GIS Data - Zip,GIS_maps/Goshen_M-272DM.zip
221,M-269DM,GIS Data - Zip,GIS_maps/HaycockMtn_M-269DM.zip
222,M-252DM,GIS Data - Zip,GIS_maps/HenrieKnolls_M-252DM.zip
223,MP-15-2DM,GIS Data - Zip,GIS_maps/HogupBar_MP-15-2.zip
224,M-261DM,GIS Data - Zip,GIS_maps/JohnsonLakes_M-261DM.zip
225,M-208,GIS Data - Zip,GIS_maps/JordanNarrows7.5.zip
226,M-248DM,GIS Data - Zip,GIS_maps/Kanab_M-248DM.zip
227,MP-15-3DM,GIS Data - Zip,gis_maps/KingsPeak7.5_MP-15-3.zip
228,M-258DM,GIS Data - Zip,GIS_maps/KlondikeBluffs_M-258DM.zip
229,M-210,GIS Data - Zip,GIS_maps/Lehi7.5.zip
230,M-259DM,GIS Data - Zip,GIS_maps/MollieHogans_M-259DM.zip
231,M-257DM,GIS Data - Zip,GIS_maps/Ophir_Map-257DM.zip
232,M-268DM,GIS Data - Zip,GIS_maps/PanguitchLake_M-268DM.zip
233,M-253DM,GIS Data - Zip,GIS_maps/PlainCity_M-253DM.zip
234,M-264DM,GIS Data - Zip,GIS_maps/SaintJohn_M-264DM.zip
235,M-260DM,GIS Data - Zip,GIS_maps/WindowsSection_M-260DM.zip
236,M-249DM,GIS Data - Zip,GIS_maps/ThompsonPoint_M-249DM.zip
237,M-214dm,GIS Data - Zip,GIS_maps/TickvilleSpring7.5.zip
238,M-266DM,GIS Data - Zip,GIS_maps/VernonNE_M-266DM.zip
239,M-250DM,GIS Data - Zip,GIS_maps/WhiteHills_Map250DM.zip
240,M-256DM,GIS Data - Zip,GIS_maps/Yellowjacket_Canyon_M-256DM.zip
241,M-179DM,GIS Data - Zip,GIS_maps/GeologicMapOfUtah.zip
242,MP-06-7dm,GIS Data - Zip,GIS_maps/AbajoMtns.zip
243,M-127DR,GIS Data - Zip,GIS_maps/AntelopeIsland_M-127.zip
244,M-254dm,GIS Data - Zip,GIS_maps/HiteCrossing_M-254DM.zip
245,MP-06-3dm,GIS Data - Zip,GIS_maps/lwrEscalanteRiver.zip
246,OFR-443dm,GIS Data - Zip,GIS_maps/lwrSanJuanRiver.zip
247,M-243DM,GIS Data - Zip,maps/m-243/m-243.zip
248,MP-09-4DM,GIS Data - Zip,GIS_maps/UintaGlacial.zip
249,MP-08-3dm,GIS Data - Zip,GIS_maps/WhiteCanGoodHopeBay.zip
250,SS-133,Plate 1 - Flooding - PDF,special_studies/ss-133/ss-133pl1.pdf
251,SS-133,Plate 2 - Rock Fall - PDF,special_studies/ss-133/ss-133pl2.pdf
252,SS-133,Plate 3 - Landslides - PDF,special_studies/ss-133/ss-133pl3.pdf
253,SS-133,Plate 4 - Surface Fault Rupture - PDF,special_studies/ss-133/ss-133pl4.pdf
254,SS-133,Plate 5 - Liquefaction - PDF,special_studies/ss-133/ss-133pl5.pdf
255,SS-133,Plate 6 - Collapsible Soil - PDF,special_studies/ss-133/ss-133pl6.pdf
256,SS-133,Plate 7 - Expansive Soil and Rock - PDF,special_studies/ss-133/ss-133pl7.pdf
257,SS-133,Plate 8 - Gypsiferous Soil and Rock - PDF,special_studies/ss-133/ss-133pl8.pdf
258,SS-133,Plate 9 - Piping and Erosion - PDF,special_studies/ss-133/ss-133pl9.pdf
259,SS-133,GIS Shapefiles - Zip,special_studies/ss-133/ss133_shapefiles.zip
260,SS-133,GIS Data - Zip,special_studies/ss-133/ss133_geodatabase.zip
261,B-136,Appendices - Zip,bulletins/b-136/b-136_appendices.zip
262,MP-16-3,Electronic Supplement (ES) E-1- Excel,misc_pubs/mp-16-3/mp-16-3_E-1.xlsx
263,MP-16-3,ES E-2 - Excel,misc_pubs/mp-16-3/mp-16-3_E-2.xlsx
264,MP-16-3,ES E-3 - Excel,misc_pubs/mp-16-3/mp-16-3_E-3.xlsx
265,MP-16-3,ES E-4 - Excel,misc_pubs/mp-16-3/mp-16-3_E-4.xlsx
266,MP-16-3,ES E-5 - Excel,misc_pubs/mp-16-3/mp-16-3_E-5.xlsx
267,MP-16-3,ES E-6 - Excel,misc_pubs/mp-16-3/mp-16-3_E-6.xlsx
268,MP-16-3,ES E-7 - Excel,misc_pubs/mp-16-3/mp-16-3_E-7.xlsx
269,MP-16-3,ES E-8 - Excel,misc_pubs/mp-16-3/mp-16-3_E-8.xlsx
270,MP-16-3,ES E-9 - Excel,misc_pubs/mp-16-3/mp-16-3_E-9.xlsx
271,MP-16-3,ES E-10 - Excel,misc_pubs/mp-16-3/mp-16-3_E-10.xlsx
272,OFR-653dm,GIS Data - Zip,GIS_maps/Ogden3060_ofr-653.zip
280,M-274dm,GIS Data - Zip,gis_maps/dugway_m-274.zip
279,OFR-642,GIS Data - Zip,gis_maps/salina3060_ofr-642.zip
2223,OFR-719,Supplemental Data - Zip,open_file_reports/ofr-719/ofr-719.zip
283,M-275DM,GIS Data - Zip,GIS_maps/ephraim_m-275.zip
284,OFR-540,Plate 1 - PDF,open_file_reports/ofr-540/ofr-540pl1.pdf
285,OFR-540,Google Earth Index - KMZ,open_file_reports/ofr-540/ofr-540.kmz
286,OFR-540,GIS Data - Zip,open_file_reports/ofr-540/ofr-540.zip
287,OFR-537,GIS Data - Zip,open_file_reports/ofr-537/ofr-537.zip
288,OFR-537,Google Earth Index - KMZ,open_file_reports/ofr-537/ofr-537.kmz
289,M-251dm,GIS Data - Zip,gis_maps/StGeorge_M-251DM.zip
290,MP-09-2dm,GIS Data - Zip,GIS_maps/LeesFerryArea.zip
2231,B-139,Appendix A - Zip,bulletins/b-139/b-139-a.zip
2232,B-139,Appendix B - Zip,bulletins/b-139/b-139-b.zip
2233,B-139,Appendix C - PDF,bulletins/b-139/b-139-c.pdf
2234,B-139,Appendix D - PDF,bulletins/b-139/b-139-d.pdf
2235,B-139,Appendix E - PDF,bulletins/b-139/b-139-e.pdf
2236,B-139,Appendix F - PDF,bulletins/b-139/b-139-f.pdf
2238,M-285DM,GIS Data - Zip,maps/m-285/m-285.zip
2239,M-285DM,Lithologic Column,lithcolumns/M285DM_SugarHouse.jpg
2240,M-285DM,Cross Section,xsections/M285DM_SugarHouse.jpg
2244,OF-95-10,GeoTiff - Zip,geotifs/24k/USGS_OF9510_KiousSpringGarri.zip
2245,OF-72-9,GeoTiff - Zip,geotifs/24k/USGS_OF729_NEPartSpanishFork.zip
2246,TEM-532,GeoTiff - Zip,geotifs/24k/USGS_OF532_SidCharlieQuad_Pr.zip
2247,TEM-394,GeoTiff - Zip,geotifs/24k/USGS_OF5212TEM397_LittleWild.zip
2248,BU-1142L,GeoTiff - Zip,geotifs/24k/USGS_B1142L.zip
2249,BU-1132,GeoTiff - Zip,geotifs/24k/USGS_B1132_DeerFlat.zip
2250,FSM-22,GeoTiff - Zip,geotifs/24k/NBMG_FSM22_TheCoveQuad_12p.zip
2251,FSM-20,GeoTiff - Zip,geotifs/24k/NBMG_FSM20_LittleHorseCyn.zip
2252,FSM-18,GeoTiff - Zip,geotifs/24k/NBMG_FSM18_SpringMtnQuad_12p.zip
2253,UU-60-GC,GeoTiff - Zip,geotifs/24k/mbxxxx_Grouse_Creek_quadrangle_unpublished_plate1.zip
2254,MO-2-T,GeoTiff - Zip,geotifs/24k/mb1631_Tabiona__Tabiona_and_Farm_Creek_Peak__quadrangle_plate1.zip
2255,MO-2-TM,GeoTiff - Zip,geotifs/24k/mb1630_Tabby_Mountain__Hanna_and_Tabby_Mountain__quadrangle_plate1.zip
2256,MO-2-RK,GeoTiff - Zip,geotifs/24k/mb1628_Raspberry_Knoll__Wolf_Creek_and_Raspberry_Knoll__quadrangle_plate1.zip
2257,MO-1-TC,GeoTiff - Zip,geotifs/24k/mb1591_Tropic_Canyon_quadrangle_plate1.zip
2258,BYU_GS-v5-IS,GeoTiff - Zip,geotifs/24k/BYU_GS_v5_IndianSpringsQuad_pl1.zip
2259,OF-530,GeoTiff - Zip,geotifs/24k/USGS_OF530_SanRafaelKnobQuad.zip
2260,OF-52-65.16,GeoTiff - Zip,geotifs/24k/USGS_OF5265_PapooseCynQuad_P.zip
2261,B-140,Appendix A - PDF,bulletins/b-140/b-140-a.pdf
2262,B-140,Appendix B - PDF,bulletins/b-140/b-140-b.pdf
2263,B-140,Appendix C - PDF,bulletins/b-140/b-140-c.pdf
2264,B-140,Appendix D - Zip,bulletins/b-140/b-140-d.zip
2265,B-140,Appendix E - PDF,bulletins/b-140/b-140-e.pdf
2266,B-140,Appendix F - PDF,bulletins/b-140/b-140-f.pdf
2267,B-140,Appendix G - PDF,bulletins/b-140/b-140-g.pdf
2268,B-140,Appendix H - PDF,bulletins/b-140/b-140-h.pdf
2269,B-140,Appendix I - PDF,bulletins/b-140/b-140-i.pdf
2270,B-140,Appendix J - PDF,bulletins/b-140/b-140-j.pdf
2271,B-140,Appendix K - Zip,bulletins/b-140/b-140-k.zip
2272,OFR-729DM,Lithologic Column,lithcolumns/OFR729DM_BeaverNW.jpg
2273,OFR-729DM,GIS Data - Zip,open_file_reports/ofr-729/ofr-729.zip
2274,OFR-731,Lithologic Column,lithcolumns/OFR731_BonnevilleSaltFlatsYear3.jpg
2276,SS-142,Plate 2 - Kotter Canyon - PDF,special_studies/ss-142/ss-142pl2.pdf
2277,SS-142,Plate 3 - Pearsons Canyon - PDF,special_studies/ss-142/ss-142pl3.pdf
2278,C-106,Plate 1 - Debris Flow - PDF,circular/c-106/c-106debrisflows.pdf
2279,C-106,Plate 2 - Surface Fault Rupture - PDF,circular/c-106/c-106faults.pdf
2280,C-106,Plate 3 - Landslide - PDF,circular/c-106/c-106landslides.pdf
2281,C-106,Plate 4 - Liquefaction - PDF,circular/c-106/c-106liquefaction.pdf
2283,M-215dm,GIS Data - Zip,gis_maps/m-215.zip
2284,MP-11-1dm,GIS Data - Zip,gis_maps/mp-11-1.zip
2285,M-226dm,GIS Data - Zip,gis_maps/m-226.zip
2286,M-287DM,GIS Data - Zip,maps/m-287/m-287.zip
2287,M-287DM,Lithologic Column,lithcolumns/M287DM_AllensRanch.jpg
2288,M-287DM,Cross Section,xsections/M287DM_AllensRanch.jpg
2289,M-180DM,GIS Data - Zip,GIS_maps/Moab3060.zip
2290,M-208DM,GIS Data - Zip,GIS_maps/JordanNarrows7.5.zip
2291,M-208DM,GeoTiff - Zip,geotifs/24k/UGS_M-208_JordanNarrowQuad_pl1.zip
2292,M-205DM,GIS Data - Zip,GIS_maps/LaSal3060.zip
2293,M-205DM,GeoTiff - Zip,geotifs/100k/LaSal.zip
2294,M-210DM,Digital Creation - PDF,geologicmaps/7-5quadrangles/M-210.pdf
2295,M-210DM,GIS Data - Zip,GIS_maps/Lehi7.5.zip
2296,M-210DM,GeoTiff - Zip,geotifs/24k/UGS_M-210_Lehi-PartTimpanogosCaveQuads_pl1.zip
2298,MF-1333,GeoTiff - Zip,geotifs/24k/USGS_MF-1333.zip
2300,OFR-691,GeoTiff - Zip,geotifs/24k/UGS_OFR-691_DevilsSlide.zip
2301,OFR-684,GeoTiff - Zip,geotifs/24k/UGS_OFR-684_MonteCristo.zip
2302,M-288DM,GIS Data - Zip,maps/m-288/m-288.zip
2303,M-288DM,Lithologic Column,lithcolumns/M288DM_Lyman.jpg
2304,M-288DM,Cross Section,xsections/M288DM_Lyman.jpg
2305,M-289DM,GIS Data - Zip,maps/m-289/m-289.zip
2306,M-289DM,Lithologic Column,lithcolumns/M289DM_Bicknell.jpg
2307,M-289DM,Cross Section,xsections/M289DM_Bicknell.jpg
2308,MP-173DM,GIS Data - Zip,misc_pubs/mp-173/mp-173.zip
2309,MP-173DM,Lithologic Column,lithcolumns/MP173DM_NewfoundlandMtns.jpg
2310,MP-173DM,Cross Section,xsections/MP173DM_NewfoundlandMtns.jpg
2312,RI-280,Geologic Hazards Portal,https://geology.utah.gov/apps/hazards
2313,SS-166,Geologic Hazards Portal,https://geology.utah.gov/apps/hazards
2314,OFR-514,Data - Excel,open_file_reports/ofr-514.xls
2315,M-242dm,Google Earth Overlay,https://geology.utah.gov/apps/3d_ge_maps/stgeorge/StGeorgeGuide.kmz
2316,M-270dm,Google Earth Overlay,https://geology.utah.gov/apps/3d_ge_maps/panguitch/panguitchguide.kmz
2317,M-284DM,GIS Data - Zip,maps/m-284/m-284.zip
2318,M-284DM,Lithologic Column,lithcolumns/M284DM_Tooele.jpg
2319,M-284DM,Cross Section,xsections/M284DM_Tooele.jpg
2323,M-290DR,Cross Section,xsections/M290DR_TickvilleSpring.jpg
2324,SS-168,Appendix - PDF,special_studies/ss-168/ss-168-a.pdf
2325,OFR-733,Appendix A - PDF,open_file_reports/ofr-733/ofr-733-a.pdf
2326,OFR-733,Appendix B - PDF,open_file_reports/ofr-733/ofr-733-b.pdf
2327,OFR-733,Appendix C - PDF,open_file_reports/ofr-733/ofr-733-c.pdf
2328,OFR-733,Appendix D - PDF,open_file_reports/ofr-733/ofr-733-d.pdf
2329,OFR-733,Appendix E - PDF,open_file_reports/ofr-733/ofr-733-e.pdf
2330,OFR-733,Appendix F - PDF,open_file_reports/ofr-733/ofr-733-f.pdf
2334,OFR-738,Appendix C - PDF,open_file_reports/ofr-738/ofr-738-c.pdf
2335,OFR-738,Appendix D - PDF,open_file_reports/ofr-738/ofr-738-d.pdf
2336,OFR-738,Appendix E - PDF,open_file_reports/ofr-738/ofr-738-e.pdf
2337,OFR-738,Appendix F - PDF,open_file_reports/ofr-738/ofr-738-f.pdf
2338,OFR-738,Appendix G - PDF,open_file_reports/ofr-738/ofr-738-g.pdf
2340,RI-283,Appendix A - PDF,reports_of_investigations/ri-283/ri-283-a.pdf
2341,RI-283,Appendix B - PDF,reports_of_investigations/ri-283/ri-283-b.pdf
2342,RI-283,Appendix C - PDF,reports_of_investigations/ri-283/ri-283-c.pdf
2343,RI-283,Appendix D - PDF,reports_of_investigations/ri-283/ri-283-d.pdf
2088,OFR-684,Cross Section,xsections/OFR-684_MonteCristoPeak.jpg
2089,OFR-684,Lithologic Column,lithcolumns/OFR-684_MonteCristoPeak.jpg
2090,OFR-691,Cross Section,xsections/OFR-691_DevilsSlideQuadrangle.jpg
2091,OFR-691,Lithologic Column,lithcolumns/OFR-691_DevilsSlideQuadrangle.jpg
2092,OFR-690dm,Cross Section,xsections/OFR-690DM_Escalante.jpg
2094,OFR-690dm,GIS Data - Zip,gis_maps/ofr-690dm_Escalante.zip
2093,OFR-690dm,Lithologic Column,lithcolumns/OFR-690DM_Escalante.jpg
2344,M-193dm,Map - PDF,maps/m-193dm.pdf
2203,OFR-713DR,GIS Data - Zip,open_file_reports/ofr-713/ofr-713.zip
2202,OFR-703DM,Lithologic Column,lithcolumns/OFR_703DM_BountifulPeak.jpg
2201,OFR-703DM,Cross Section,xsections/OFR_703DM_BountifulPeak.jpg
2105,SS-163,Plate 10 - Shallow Bedrock - PDF,special_studies/ss-163/ss-163-10.pdf
2106,SS-163,Plate 9 - Expansive Soil and Rock - PDF,special_studies/ss-163/ss-163-9.pdf
2107,SS-163,Plate 8 - Collapsible Soil - PDF,special_studies/ss-163/ss-163-8.pdf
2108,SS-163,Plate 7 - Radon - PDF,special_studies/ss-163/ss-163-7.pdf
2109,SS-163,Plate 6 - Rockfall- PDF,special_studies/ss-163/ss-163-6.pdf
2110,SS-163,Plate 5 - Landslide - PDF,special_studies/ss-163/ss-163-5.pdf
2111,SS-163,Plate 4 - Flood - PDF,special_studies/ss-163/ss-163-4.pdf
2112,SS-163,Plate 3 - Surface Fault Rupture - PDF,special_studies/ss-163/ss-163-3.pdf
2113,SS-163,Plate 2 - Liquefaction - PDF,special_studies/ss-163/ss-163-2.pdf
2114,SS-163,Plate 1 - Shallow Groundwater - PDF,special_studies/ss-163/ss-163-1.pdf
2122,OFR-696,Cross Section,xsections/OFR-696_Burrville.jpg
2116,OFR-694dm,Cross Section,xsections/OFR-694DM_GoshenPass.jpg
2117,OFR-694dm,Lithologic Column,lithcolumns/OFR-694DM_GoshenPass.jpg
2118,MP-18-2DM,GIS Data - Zip,gis_maps/mp-18-2dm.zip
2119,MP-18-2DM,Cross Section,xsections/MP-18-2DM_LakeMountain.jpg
2121,MP-18-2DM,Lithologic Column,lithcolumns/MP-18-2DM_LakeMountain.jpg
2123,OFR-696,Lithologic Column,lithcolumns/OFR-696_Burrville.jpg
2125,OFR-686DM,GIS Data - Zip,GIS_maps/ofr-686.zip
2126,OFR-621,Excel Data - Zip,open_file_reports/ofr-621/ofr-621.zip
2127,OFR-697DM,GIS Data - Zip,GIS_maps/ofr-697.zip
2128,OFR-697DM,Lithologic Column,lithcolumns/UGS_OFR-697DM_ParkCityWest.jpg
2129,OFR-697DM,Cross Section,xsections/UGS_OFR-697DM_ParkCityWest.jpg
2130,OFR-699,GIS Data - Zip,open_file_reports/ofr-699/ofr-699.zip
2131,B-138,Data - Zip,bulletins/b-138.zip
2132,SS-164,GIS Data - Zip,special_studies/ss-164/ss-164.zip
2133,OFR-698DR,GIS Data - Zip,open_file_reports/ofr-698/ofr-698.zip
2134,OFR-698DR,Cross Section,xsections/USGS_OF-88-646.jpg
2136,C-106,GIS Data - Zip,circular/c-106/c-106.zip
2138,M-281DM,GIS Data - Zip,maps/m-281/m-281.zip
2139,M-281DM,Lithologic Column,lithcolumns/M280-282DM.jpg
2140,M-281DM,Cross Section,xsections/UGS%20M-281DM_BaileysLake.jpg
2141,M-280DM,GIS Data - Zip,maps/m-280/m-280.zip
2142,M-280DM,Cross Section,xsections/UGS%20M-280DM_AntelopeIslandSouth.jpg
2143,M-280DM,Lithologic Column,lithcolumns/M280-282DM.jpg 
2144,M-282DM,GIS Data - Zip,maps/m-282/m-282.zip
2145,M-282DM,Cross Section,xsections/UGS%20M-282DM_SaltairNE.jpg
2146,M-282DM,Lithologic Column,lithcolumns/M280-282DM.jpg 
2147,OFR-646,Cross Section,xsections/UGS_OFR-646_StevesMtn.jpg
2148,OFR-646,Lithologic Column,lithcolumns/UGS_OFR-646_StevesMtn.jpg
2149,OFR-641,Cross Section,xsections/UGS_OFR-641_GooseberryCreek.jpg
2150,OFR-641,Lithologic Column,lithcolumns/UGS_OFR-641_GooseberryCreek.jpg 
2151,CR-94-5,Plates - Zip,contract_reports/cr-94-5/cr-94-5_Plates.zip
2152,CR-94-8,Plates 1A-D - Geologic Data - PDF,contract_reports/cr-94-8/plates_1A-D.pdf
2153,CR-94-8,Plates 2A-D - Soils and Groundwater - PDF,contract_reports/cr-94-8/plates_2A-D.pdf
2154,CR-94-8,Plates 3A-D - Ground Slope and Critical Acceleration - PDF,contract_reports/cr-94-8/plates_3A-D.pdf
2155,CR-94-8,Plates 4A-D - Liquefaction - PDF,contract_reports/cr-94-8/plates_4A-D.pdf
2156,CR-94-10,Plates - Zip,contract_reports/cr-94-10/cr-94-10_Plates.zip
2158,MP-169-A,Supplemental Data - ZIP,misc_pubs/mp-169/MP-169-a.zip
2159,MP-169,MP-169-A - PDF,misc_pubs/mp-169/mp-169-a.pdf
2160,MP-169,MP-169-B - PDF,misc_pubs/mp-169/mp-169-b.pdf
2161,MP-169,MP-169-C - PDF,misc_pubs/mp-169/mp-169-c.pdf
2162,MP-169,MP-169-D - PDF,misc_pubs/mp-169/mp-169-d.pdf
2163,MP-169,MP-169-E - PDF,misc_pubs/mp-169/mp-169-e.pdf
2164,MP-169,MP-169-F - PDF,misc_pubs/mp-169/mp-169-f.pdf
2165,MP-169,MP-169-G - PDF,misc_pubs/mp-169/mp-169-g.pdf
2166,MP-169,MP-169-H - PDF,misc_pubs/mp-169/mp-169-h.pdf
2167,MP-169,MP-169-I - PDF,misc_pubs/mp-169/mp-169-i.pdf
2168,MP-169,MP-169-J - PDF,misc_pubs/mp-169/mp-169-j.pdf
2169,MP-169,MP-169-K - PDF,misc_pubs/mp-169/mp-169-k.pdf
2170,MP-169,MP-169-L - PDF,misc_pubs/mp-169/mp-169-l.pdf
2171,MP-169,MP-169-M - PDF,misc_pubs/mp-169/mp-169-m.pdf
2172,MP-169,MP-169-N - PDF,misc_pubs/mp-169/mp-169-n.pdf
2173,MP-169,MP-169-O - PDF,misc_pubs/mp-169/mp-169-o.pdf
2174,MP-169-C,Supplemental Data - ZIP,misc_pubs/mp-169/mp-169-c.zip
2175,MP-169-E,Supplemental Data - ZIP,misc_pubs/mp-169/mp-169-e.zip
2176,MP-169-I,Supplemental Data - ZIP,misc_pubs/mp-169/mp-169-i.zip
2177,MP-169-M,Supplemental Data - ZIP,misc_pubs/mp-169/mp-169-m.zip
2178,MP-169,MP-169-A Supplemental Data - ZIP,misc_pubs/mp-169/mp-169-a.zip
2179,MP-169,MP-169-C Supplemental Data - ZIP,misc_pubs/mp-169/mp-169-c.zip
2180,MP-169,MP-169-E Supplemental Data - ZIP,misc_pubs/mp-169/mp-169-e.zip
2181,MP-169,MP-169-I Supplemental Data - ZIP,misc_pubs/mp-169/mp-169-i.zip
2182,MP-169,MP-169-M Supplemental Data - ZIP,misc_pubs/mp-169/mp-169-m.zip
2183,MP-170,Technical Sessions 1-4 - PDF,misc_pubs/mp-170/mp-170-1.pdf
2187,OFR-701,Data - Excel,open_file_reports/ofr-701/ofr-701.xlsx
2184,MP-170,Technical Sessions 5-8 - PDF,misc_pubs/mp-170/mp-170-2.pdf
2185,MP-170,Short Course - PDF,misc_pubs/mp-170/mp-170-sc.pdf
2186,MP-170,Posters - ZIP,misc_pubs/mp-170/mp-170.zip
2188,OFR-702,Lithologic Column,lithcolumns/UGS_OFR702_BSF.jpg
2189,OFR-331,Volume 2,open_file_reports/ofr-331/ofr-331-v2.pdf
2190,OFR-704,Excel Data - Zip,open_file_reports/ofr-704/ofr-704.zip 
2191,RI-143,Plates 1-8 - Zip,reports_of_investigations/ri-143/ri-143pl1-8.zip
2192,RI-143,Plates 9-16 - Zip,reports_of_investigations/ri-143/ri-143pl9-16.zip
1992,MP-15-5,USGS Workshop - PDF,misc_pubs/mp-15-5/mp-15-5_workshop.pdf
1990,M-276DM,GIS Data - Zip,gis_maps/kanarraville_m-276.zip
1989,I-2361,GIS Data - Zip,GIS_maps/BlueMtn-Lund_USGS_I-2361.zip
1988,,Filler,gis_maps/SouthernPineValley_USGS_I-1794.zip
1987,I-1796,GIS Data - Zip,gis_maps/MountainHome-IndianPeak_USGS_I-1796.zip
1986,I-1904,GIS Data - Zip,GIS_maps/Milford-Frisco_USGS_I-1904.zip
1985,I-1795,GIS Data - Zip,gis_maps/IndianPeakRange_USGS_I-1795.zip
1998,Q-2thru5,GeoTiff - Zip,geotifs/250k/StateOfUtah250k.zip
1984,,Filler,gis_maps/IndianPeakRange_USGS_I-1795.zip
2320,GQ-1493,GeoTiff - Zip,geotifs/100k/Thermo.zip
2321,M-290DR,GIS Data - Zip,maps/m-290/m-290.zip
2322,M-290DR,Lithologic Column,lithcolumns/M290DR_TickvilleSpring.jpg
1982,I-2361,GeoTiff - Zip,GIS_maps/BlueMtn-Lund_USGS_I-2361.zip
1980,SS-156,Appendices - Zip,special_studies/ss-156/ss-156appx.zip
2230,B-139,Appendix G - PDF,bulletins/b-139/b-139-g.pdf
1979,I-1794,GIS Data - Zip,gis_maps/SouthernPineValley_USGS_I-1794.zip
1975,OFR-648,GeoTiff - Zip,geotifs/100k/LoaWest.zip
1974,OFR-653dm,GeoTiff - Zip,geotifs/100k/Ogden.zip
1973,MP-15-2DM,GeoTiff - Zip,geotifs/24k/UGS_MP-15-2DM_HogupBarQuad.zip
1972,MP-15-3DM,GeoTiff - Zip,geotifs/24k/UGS_MP-15-3DM_KingsPeakQuad.zip
1971,OFR-386,GeoTiff - Zip,geotifs/24k/UGS_OFR-386_KolobArchQuad.zip
1970,MF-1107,GeoTiff - Zip,geotifs/24k/USGS_MF-1107_ElsinoreQuad.zip
1969,CI-131,GeoTiff - Zip,geotifs/24k/USGS_CI-131_ShipMtnPointQuad.zip
1956,OF-52-61,GeoTiff - Zip,geotifs/24k/USGS_OF-52-61_KaneGulchQuad.zip
1954,OFR-565,GeoTiff - Zip,geotifs/24k/UGS_OFR-565_ShearingCorralQuad_pl1.zip
1953,B-1132,GeoTiff - Zip,geotifs/24k/USGS_B-1132_DeerFlat_pl1.zip
1952,OF-93-203,GeoTiff - Zip,geotifs/24k/USGS_OF-93-203_EnterpriseQuad.zip
1951,OF-52-65.13,GeoTiff - Zip,geotifs/24k/USGS_OF-52-65_BlandingS-Quad.zip
2015,M-271DM,Cross Section,xsections/M-271DM_SantaClara.jpg
1950,OF-52-65.12,GeoTiff - Zip,geotifs/24k/USGS_OF-52-65_BlandingN-Quad.zip
1949,OFR-401,GeoTiff - Zip,geotifs/24k/UGS_OFR-401_VeyoQuad_pl1.zip
1947,OF-95-9,GeoTiff - Zip,geotifs/24k/USGS_OF-95-9_PanguitchQuad.zip
1945,OF-84-683.8,GeoTiff - Zip,geotifs/24k/USGS_OF-84-683_CricketMtns_pl8.zip
1944,OF-84-683.7,GeoTiff - Zip,geotifs/24k/USGS_OF-84-683_CricketMtns_pl7.zip
1943,OF-84-683.6,GeoTiff - Zip,geotifs/24k/USGS_OF-84-683_CricketMtns_pl6.zip
1942,OF-84-683.5,GeoTiff - Zip,geotifs/24k/USGS_OF-84-683_CricketMtns_pl5.zip
1941,OF-84-683.4,GeoTiff - Zip,geotifs/24k/USGS_OF-84-683_CricketMtns_pl4.zip
1940,OF-84-683.3,GeoTiff - Zip,geotifs/24k/USGS_OF-84-683_CricketMtns_pl3.zip
1939,OF-84-683.2,GeoTiff - Zip,geotifs/24k/USGS_OF-84-683_CricketMtns_pl2.zip
1938,OF-84-683.1,GeoTiff - Zip,geotifs/24k/USGS_OF-84-683_CricketMtns_pl1.zip
1937,OF-79-1610,GeoTiff - Zip,geotifs/24k/USGS_OF-79-1610_MtnSpringPeakQuad.zip
1936,OF-657,GeoTiff - Zip,geotifs/24k/USGS_OF-657_ArsonsQuad.zip
1935,OF-53-209,GeoTiff - Zip,geotifs/24k/USGS_OF-53-209(TEM545)_GoblinValleyQuad.zip
2014,OFR-38,Plate 4 - PDF,open_file_reports/ofr-38/ofr-38pl4.pdf
1934,OF-52-65.9,GeoTiff - Zip,geotifs/24k/USGS_OF-52-65_BurntCabinCreekQuad.zip
1933,OF-52-63,GeoTiff - Zip,geotifs/24k/USGS_OF-52-63_EastlandNW-Quad.zip
1932,OF-52-40,GeoTiff - Zip,geotifs/24k/USGS_OF-52-40(TEM414)_GouldingQuad.zip
1930,HD-5,GeoTiff - Zip,geotifs/24k/USGS_OF-52-1226_TomsichButteQuad.zip
1929,OF-52-122,GeoTiff - Zip,geotifs/24k/USGS_OF-52-122_HorseValleyQuad.zip
1928,OF-52-12,GeoTiff - Zip,geotifs/24k/USGS_OF-52-12_HuntDrawQuad.zip
1927,OF-403,GeoTiff - Zip,geotifs/24k/USGS_OF-403_NorthdaleQuad.zip
1926,OF-399,GeoTiff - Zip,geotifs/24k/USGS_OF-399_PiuteKnollQuad.zip
1925,MF-290,GeoTiff - Zip,geotifs/24k/USGS_MF-290_DevilsSlideQuad.zip
1924,I-1479,GeoTiff - Zip,geotifs/24k/USGS_I-1479_PineGrove-BlawnMtn.zip
1923,I-133,GeoTiff - Zip,geotifs/24k/USGS_I-133_KaibabQuad.zip
1922,M-265DM,GeoTiff - Zip,geotifs/24k/USG_M-265DM_FaustQuad.zip
1921,M-264DM,GeoTiff - Zip,geotifs/24k/UGS_M-264DM_SaintJohnQuad.zip
1920,OFR-624,GeoTiff - Zip,geotifs/24k/UGS_OFR-624_BaileysLakeQuad.zip
1919,M-272DM,GeoTiff - Zip,geotifs/24k/UGS_M-272_GoshenQuad.zip
1918,OFR-530,GeoTiff - Zip,geotifs/24k/UGS_OFR-530_DeerLodgeCanyon.zip
1917,MP-12-1,GeoTiff - Zip,geotifs/24k/UGS_MP-12-1_ThistleQuad.zip
1916,M-269DM,GeoTiff - Zip,geotifs/24k/UGS_M-269DM_HaycockMtnQuad.zip
1915,M-268DM,GeoTiff - Zip,geotifs/24k/UGS_M-268DM_PanguitchLakeQuad.zip
1914,M-266DM,GeoTiff - Zip,geotifs/24k/UGS_M-266DM_VernonNEQuad.zip
1913,M-263DM,GeoTiff - Zip,geotifs/24k/UGS_M-263DM_BrianHeadQuad.zip
1912,M-262DM,GeoTiff - Zip,geotifs/24k/UGS_M-262DM_GeorgeMtnQuad.zip
1911,M-260DM,GeoTiff - Zip,geotifs/24k/UGS_M-260DM_TheWindowsSectionQuad.zip
1910,M-259DM,GeoTiff - Zip,geotifs/24k/UGS_M-259DM_MollieHogansQuad.zip
1909,M-258DM,GeoTiff - Zip,geotifs/24k/UGS_M-258DM_KlondikeBluffsQuad.zip
1908,M-257DM,GeoTiff - Zip,geotifs/24k/UGS_M-257DM_OphirQuad.zip
1904,MUS-Keetley_new,GeoTiff - Zip,geotifs/24k/MUS_PhD-171p_KeetleyVolcanicField_pl1.zip
2084,M-127DR,Cross Section,xsections/UGS_M-127.jpg
1902,M-127DR,GeoTiff - Zip,geotifs/24k/UGMS_M-127_AntelopeIsland_ plate1.zip
1901,OF-94-10,GeoTiff - Zip,geotifs/24k/USGS_OF-94-10_AsayBenchQuad.zip
1900,OF-92-404,GeoTiff - Zip,geotifs/24k/USGS_OF-92-404_LowePeakQuad.zip
1899,OF-91-124,GeoTiff - Zip,geotifs/24k/USGS_OF-91-124_PanacaSummit-ProhibitionFlatQuads.zip
1898,OF-81-1213,GeoTiff - Zip,geotifs/24k/USGS_OF-81-1213_SteamboatMtn-BibleSpringQuads.zip
1897,OF-79-1656,GeoTiff - Zip,geotifs/24k/USGS_OF-79-1656_PintoSpring-AtchisonCreekQuads.zip
1896,OF-650,GeoTiff - Zip,geotifs/24k/USGS_OF-650_OldWomanWashQuad.zip
1895,OF-589,GeoTiff - Zip,geotifs/24k/USGS_OF-589_TheWickiupQuad.zip
1894,OF-588,GeoTiff - Zip,geotifs/24k/USGS_OF-588_IrelandMesaQuad.zip
1893,OF-550,GeoTiff - Zip,geotifs/24k/USGS_OF-550_TwinKnollsQuad.zip
1892,OF-546,GeoTiff - Zip,geotifs/24k/USGS_OF-546_TheFryingPanQuad.zip
1891,OF-542,GeoTiff - Zip,geotifs/24k/USGS_OF-542_TheBlocksQuad.zip
1890,OF-54-57,GeoTiff - Zip,geotifs/24k/USGS_OF-54-57(TEM732)_ElateriteBasinQuad.zip
1889,OF-54-247,GeoTiff - Zip,geotifs/24k/USGS_OF-54-247(TEM653)_ClearwaterCynQuad.zip
1888,OF-54-121,GeoTiff - Zip,geotifs/24k/USGS_OF-54-121(TEM599)_RobbersRoostFlatsQuad.zip
1886,SRD HHD San Rafael Knob,GeoTiff - Zip,geotifs/24k/SRD HHD San Rafael Knob.zip
1885,OF-53-44,GeoTiff - Zip,geotifs/24k/USGS_OF-53-44(TEM618)_GordonFlatsQuad.zip
1884,OF-53-43,GeoTiff - Zip,geotifs/24k/USGS_OF-53-43(TEM664)_PointOfRocksE-Quad.zip
1883,OF-53-206,GeoTiff - Zip,geotifs/24k/USGS_OF-53-206(TEM594)_WhitbeckKnollQuad.zip
1882,OF-53-205,GeoTiff - Zip,geotifs/24k/USGS_OF-53-205(TEM600)_SugarloafButteQuad.zip
1881,OF-53-111,GeoTiff - Zip,geotifs/24k/USGS_OF-53-111(TEM654)_CleopatrasChairQuad.zip
1880,OF-53-110,GeoTiff - Zip,geotifs/24k/USGS_OF-53-110(TEM612)_HeadSpurQuad.zip
1879,OF-528,GeoTiff - Zip,geotifs/24k/USGS_OF-528_CopperGlobeQuad.zip
2242,UU-MS-601,GeoTiff - Zip,geotifs/24k/UU_MS83p_StansburyIsland_Pro.zip
1878,OF-52-65.16,GeoTiff - Zip,geotifs/24k/USGS_OF-52-65_PapooseCynQuad.zip
1877,OF-52-46,GeoTiff - Zip,geotifs/24k/USGS_OF-52-46(TEM409)_JacobsMonumentQuad.zip
1876,OF-52-121,GeoTiff - Zip,geotifs/24k/USGS_OF-52-121(TEM401)_MexicanHatSE-Quad.zip
1875,OF-433,GeoTiff - Zip,geotifs/24k/USGS_OF-433_MonticelloN-Quad.zip
1874,MF-I-1938,GeoTiff - Zip,geotifs/24k/USGS_MF-I-1938_LeppyPeakQuad.zip
1873,MF-93,GeoTiff - Zip,geotifs/24k/USGS_MF-93_GarnetRidgeQuad.zip
1872,MF-1150-SE,GeoTiff - Zip,geotifs/24k/USGS_MF-1150_SandPassSE-Quads.zip
2299,MF-114,GeoTiff - Zip,geotifs/24k/USGS_MF-114.zip
1871,MF-1150-NE,GeoTiff - Zip,geotifs/24k/USGS_MF-1150_SandPassNE-Quads.zip
1870,I-324,GeoTiff - Zip,geotifs/24k/USGS_I-324_DutchJohn-GoslinMtnQuads.zip
1869,I-247,GeoTiff - Zip,geotifs/24k/USGS_I-247_FredoniaQuad.zip
1868,I-228,GeoTiff - Zip,geotifs/24k/USGS_I-228_WratherArchQuad.zip
1867,I-222,GeoTiff - Zip,geotifs/24k/USGS_I-222_FerrySwaleQuad.zip
1866,I-198,GeoTiff - Zip,geotifs/24k/USGS_I-198_CoyoteButtesQuad.zip
1865,I-196,GeoTiff - Zip,geotifs/24k/USGS_I-196_WaterPocketsQuad.zip
1864,I-182,GeoTiff - Zip,geotifs/24k/USGS_I-182_PovertyFlatQuad.zip
1863,I-156,GeoTiff - Zip,geotifs/24k/USGS_I-156_ManilaQuad.zip
1862,I-146,GeoTiff - Zip,geotifs/24k/USGS_I-146_LostSpringMtnW-Quad.zip
1861,I-145,GeoTiff - Zip,geotifs/24k/USGS_I-145_LostSpringMtnE-Quad.zip
1860,I-142,GeoTiff - Zip,geotifs/24k/USGS_I-142_MoccasinQuad.zip
1858,OFR-576,GeoTiff - Zip,geotifs/24k/UGS_OFR-576_ HeneferQuad_pl1.zip
1857,OFR-571,GeoTiff - Zip,geotifs/24k/UGS_OFR-571_PaysonLakesQuad_pl1.zip
1856,OFR-570,GeoTiff - Zip,geotifs/24k/UGS_OFR-570_SantaquinQuad_pl1.zip
1855,OFR-564,GeoTiff - Zip,geotifs/24k/UGS_OFR-564_VernonQuad_pl1.zip
1854,OFR-563,GeoTiff - Zip,geotifs/24k/UGS_OFR-563_ LofgreenQuad_pl1.zip
1853,CR-92-8.3,GeoTiff - Zip,geotifs/24k/UGS_CR-92-8_MtElmerQuad_pl3.zip
1851,AAPG_B-v43,GeoTiff - Zip,geotifs/24k/AAPG_B-v43_RandolphQuad_fig2.zip
1849,TP-04-3,GeoTiff - Zip,geotifs/24k/IGS_TP-04-3_HendersonCreekQuad_pl1.tif.aux.zip
1848,TP-05-3,GeoTiff - Zip,geotifs/24k/IGS_TP-O5-3_WestonCanyonQuad.zip
1847,MUS-Pegram,GeoTiff - Zip,geotifs/24k/MUS_PhD-240p_PegramCreekQuad_mapK.zip
1846,MUS-Boundary,GeoTiff - Zip,geotifs/24k/MUS_PhD-240p_BoundaryRidgeQuad_mapL.zip
1845,MB-XXXX-Mt,GeoTiff - Zip,geotifs/24k/mbxxxx_Mt.zip
1844,MB-XXXX-Mukel Dutch Peak,GeoTiff - Zip,geotifs/24k/mbxxxx_Mukul maps_Dutch Peak quadrangle_plate1.zip
1843,MB-XXXX-Mukel Sabie Mountain,GeoTiff - Zip,geotifs/24k/mbxxxx_Mukul maps_Sabie Mountain quadrangle_plate1.zip
2297,OFR-688,GeoTiff - Zip,geotifs/24k/UGS_OFR688_MtPisgah.zip
1842,B-796-C,GeoTiff - Zip,geotifs/24k/mbxxxx_SalinaCyn[GooseberryCrk StevesMtn WaterHollowRidge and YogoCrk]quad_pl1.zip
1841,MF-962,GeoTiff - Zip,geotifs/24k/USGS_MF-962_TrailMtnQuad.zip
1840,MF-92,GeoTiff - Zip,geotifs/24k/USGS_MF-92_RoosterRockQuad.zip
1839,MF-893,GeoTiff - Zip,geotifs/24k/USGS_MF-893_RainbowQuad.zip
1838,MF-89,GeoTiff - Zip,geotifs/24k/USGS_MF-89_MittenButtesQuad.zip
1837,MF-88,GeoTiff - Zip,geotifs/24k/USGS_MF-88_MysteryValleyQuad.zip
1836,MF-875,GeoTiff - Zip,geotifs/24k/USGS_MF-875_BurntTimberCynQuad.zip
1835,MF-874,GeoTiff - Zip,geotifs/24k/USGS_MF-874_CooperCynQuad.zip
1834,MF-85,GeoTiff - Zip,geotifs/24k/USGS_MF-85_BootMesaQuad.zip
1833,MF-84,GeoTiff - Zip,geotifs/24k/USGS_MF-84_BigPointQuad.zip
1832,MF-824,GeoTiff - Zip,geotifs/24k/USGS_MF-824_WeaverRidgeQuad.zip
1831,MF-304,GeoTiff - Zip,geotifs/24k/USGS_MF-304_BybeeKnollQuad.zip
1830,MF-2250,GeoTiff - Zip,geotifs/24k/USGS_MF-2250_NuttersHoleQuad.zip
1829,MF-199,GeoTiff - Zip,geotifs/24k/USGS_MF-199_CreamPotsQuad.zip
1827,MF-195,GeoTiff - Zip,geotifs/24k/USGS_MF-195_WoodenshoeButtesQuad.zip
1828,MF-1950,GeoTiff - Zip,geotifs/24k/USGS_MF-1950_MtnHomePass-MillerWashQuads.zip
1826,MF-1933,GeoTiff - Zip,geotifs/24k/USGS_MF-1933_DavisCynQuad.zip
1825,MF-193,GeoTiff - Zip,geotifs/24k/USGS_MF-193_PoisonCynQuad.zip
1824,MF-1872,GeoTiff - Zip,geotifs/24k/USGS_MF-1872_MormonGap-TweedyWashQuads.zip
1141,"",GeoTiff - Zip,geotifs/250k/StateOfUtah250k.zip
1142,OFR-454,GeoTiff - Zip,geotifs/100k/Beaver.zip
1143,OFR-476dm,GeoTiff - Zip,geotifs/100k/CedarCity.zip
1144,M-206dm,GeoTiff - Zip,geotifs/100k/Delta.zip
1145,OFR-491dm,GeoTiff - Zip,geotifs/100k/DutchJohn.zip
1146,OFR-368,GeoTiff - Zip,geotifs/100k/Escalante.zip
1147,OFR-440dm,GeoTiff - Zip,geotifs/100k/Huntington.zip
1148,MP-08-2dm,GeoTiff - Zip,geotifs/100k/Kanab.zip
1149,MP-10-1DM,GeoTiff - Zip,geotifs/100k/KingsPeak.zip
1150,M-205,GeoTiff - Zip,geotifs/100k/LaSal.zip
1151,MP-06-8dm,GeoTiff - Zip,geotifs/100k/Logan.zip
1152,M-211dm,GeoTiff - Zip,geotifs/100k/Lynndyl.zip
1153,M-212dm,GeoTiff - Zip,geotifs/100k/Manti.zip
1154,OFR-287,GeoTiff - Zip,geotifs/100k/Moab.zip
1155,M-189dm,GeoTiff - Zip,geotifs/100k/Nephi.zip
1156,M-198dm,GeoTiff - Zip,geotifs/100k/Price.zip
1157,M-267dm,GeoTiff - Zip,geotifs/100k/SanRafaelDesert.zip
1158,M-195dm,GeoTiff - Zip,geotifs/100k/Richfield.zip
1159,M-190dm,GeoTiff - Zip,geotifs/100k/SaltLakeCity30x60.zip
1160,OFR-549dm,GeoTiff - Zip,geotifs/100k/SeepRidge.zip
1161,M-213dm,GeoTiff - Zip,geotifs/100k/SmokyMountain.zip
1162,M-242dm,GeoTiff - Zip,geotifs/100k/StGeorge1.zip
1163,M-222dm,GeoTiff - Zip,geotifs/100k/TuleValley.zip
1164,OFR-506dm,GeoTiff - Zip,geotifs/100k/Vernal.zip
1165,M-207dm,GeoTiff - Zip,geotifs/100k/WahWahMountainsNorth.zip
1166,OFR-441dm,GeoTiff - Zip,geotifs/100k/Westwater.zip
1167,MP-08-3dm,GeoTiff - Zip,geotifs/100k/WhiteCyn_GoodHopeBay.zip
1168,MP-11-1dm,GeoTiff - Zip,geotifs/100k/ElkRidge.zip
1169,M-254dm,GeoTiff - Zip,geotifs/100k/HiteXing.zip
1170,OFR-443dm,GeoTiff - Zip,geotifs/100k/SJ1.zip
1171,MP-06-3dm,GeoTiff - Zip,geotifs/100k/Lwr_EscalanteRiver.zip
1172,M-270dm,GeoTiff - Zip,geotifs/100k/Panguitch.zip
1173,OFR-598,GeoTiff - Zip,geotifs/100k/GrouseCreek.zip
1174,M-274dm,GeoTiff - Zip,geotifs/100k/Dugway.zip
1175,OFR-593,GeoTiff - Zip,geotifs/100k/RushValley.zip
1176,OFR-656,GeoTiff - Zip,geotifs/100k/Tooele.zip
1177,OFR-586dm,GeoTiff - Zip,geotifs/100k/Provo30x60_OFR-586DM.zip
1178,M-238,GeoTiff - Zip,geotifs/24k/2009_GranitePk_Pl1.zip
2229,B-139,Appendix H - PDF,bulletins/b-139/b-139-h.pdf
1179,M-245,GeoTiff - Zip,geotifs/24k/ClearCreekMtn_Plate1_7-27-10.zip
1180,M-244,GeoTiff - Zip,geotifs/24k/PelicanPoint_Plate1.zip
1181,M-181,GeoTiff - Zip,geotifs/24k/UGS_M-181_MoabQuad_pl1.zip
1182,M-183,GeoTiff - Zip,geotifs/24k/UGS_M-183_FisherTowersQuad_pl1.zip
2228,B-139,Appendix I - PDF,bulletins/b-139/b-139-i.pdf
1183,M-187,GeoTiff - Zip,geotifs/24k/UGS_M-187_HurricaneQuad_pl1.zip
1184,M-188,GeoTiff - Zip,geotifs/24k/UGS_M-188_MantiQuad_pl1.zip
1185,M-191,GeoTiff - Zip,geotifs/24k/UGS_M-191_HarrisburgJctQuad_pl11.zip
1186,M-194,GeoTiff - Zip,geotifs/24k/UGS_M-194_Clarkston-PortageQuads_pl1.zip
2087,OFR-692,Lithologic Column,lithcolumns/UGS_OFR692_BSF.jpg
1187,M-196,GeoTiff - Zip,geotifs/24k/UGS_M-196_PinturaQuad_pl1.zip
1188,M-197,GeoTiff - Zip,geotifs/24k/UGS_M-197_TheDivideQuad_pl1.zip
2227,OFR-725,Data - Excel,open_file_reports/ofr-725/ofr-725.xlsx
1189,M-199,GeoTiff - Zip,geotifs/24k/UGS_M-199_NavajoLakeQuad_pl1.zip
1190,M-200,GeoTiff - Zip,geotifs/24k/UGS_M-200_OgdenQuad_pl1.zip
1191,M-201,GeoTiff - Zip,geotifs/24k/UGS_M-201_SaratogaSpringsQuad_pl1.zip
2086,OFR-689,Lithologic Column,lithcolumns/UGS_OFR-689_Duchesne.jpg
1192,M-202,GeoTiff - Zip,geotifs/24k/UGS_M-202_CedarFortQuad_pl1.zip
1193,M-204,GeoTiff - Zip,geotifs/24k/UGS_M-204_LittleCreekMtnQuad_pl1.zip
1194,M-208,GeoTiff - Zip,geotifs/24k/UGS_M-208_JordanNarrowQuad_pl1.zip
2226,M-286DM,Cross Section,xsections/M286DM_GoshenPass.jpg
1195,M-209,GeoTiff - Zip,geotifs/24k/UGS_M-209_WahingtonDomeQuad_pl11.zip
1196,M-216DM,GeoTiff - Zip,geotifs/24k/UGS_M-216_MagnaQuad_pl1.zip
1197,M-221,GeoTiff - Zip,geotifs/24k/UGS_M-221_CogswellPointQuad_pl1.zip
1198,M-223,GeoTiff - Zip,geotifs/24k/UGS_M-223_SkinnerPeaksQuad_pl1.zip
2225,M-286DM,Lithologic Column,lithcolumns/M286DM_GoshenPass.jpg
1199,M-231,GeoTiff - Zip,geotifs/24k/UGS_M-231_VirginQuad_pl1.zip
2085,M-127DR,Lithologic Column,lithcolumns/UGS_M-127.jpg
1200,M-235,GeoTiff - Zip,geotifs/24k/UGS_M-235_SoldiersPassQuad_pl1.zip
1201,M-236,GeoTiff - Zip,geotifs/24k/UGS_M-236_CharlestonQuad_pl1.zip
1202,M-239,GeoTiff - Zip,geotifs/24k/UGS_M-239_ThompsonSpringsQuad_pl1.zip
1203,M-240,GeoTiff - Zip,geotifs/24k/UGS_M-240_SagersFlatQuad_pl1.zip
1204,M-241,GeoTiff - Zip,geotifs/24k/UGS_M-241_WhiteHouseQuad_pl1.zip
1205,MP-01-1,GeoTiff - Zip,geotifs/24k/UGS_MP-01-1_SmithsonianButteQuad_pl1_tif.zip
1206,MP-01-3,GeoTiff - Zip,geotifs/24k/UGS_MP-01-3_PodunkCreekQuad_pl1.zip
2083,OFR-687dm,Lithologic Column,lithcolumns/UGS%20OFR-687DM_SugarHouseQuad.jpg
1207,MP-01-5,GeoTiff - Zip,geotifs/24k/UGS_MP-01-5_MoroniPeakQuad_pl1.zip
1208,MP-03-2,GeoTiff - Zip,geotifs/24k/UGS_MP-03-2_SageValleyQuad_pl1.zip
1209,MP-05-3,GeoTiff - Zip,geotifs/24k/UGS_MP-05-3_RoyQuad_pl1.zip
2082,OFR-687dm,Cross Section,xsections/UGS%20OFR-687DM_SugarHouseQuad.jpg
1210,MP-05-4,GeoTiff - Zip,geotifs/24k/UGS_MP-05-4_ClearfieldQuad_pl1.zip
1211,MP-07-1,GeoTiff - Zip,geotifs/24k/UGS_MP-07-1_GoldenThroneQuad_pl1.zip
2224,M-286DM,GIS Data - Zip,maps/m-286/m-286.zip
1212,MP-10-4,GeoTiff - Zip,geotifs/24k/2010_DryForkQuad_pl1.zip
1213,MP-10-3,GeoTiff - Zip,geotifs/24k/2010_SteinakerResQuad_pl1.zip
1214,BYU_GS-v24_Co-opCreek,GeoTiff - Zip,geotifs/24k/BYU_GS-v24_Co-opCreekQuad_fig1.zip
1215,BYU_GS-v24_Indianola,GeoTiff - Zip,geotifs/24k/BYU_GS-v24_IndianolaQuad_fig19.zip
1216,BYU_GS-v27_BigHollow,GeoTiff - Zip,geotifs/24k/BYU_GS-v27_BigHollowQuad_fig17.zip
1217,BYU_GS-v27_VirginRiverGorge,GeoTiff - Zip,geotifs/24k/BYU_GS-v27_VirginRiverGorge_fig16.zip
1218,BYU_GS-v27_WoodruffNarrows,GeoTiff - Zip,geotifs/24k/BYU_GS-v27_WoodruffNarrowsQuad_fig3.zip
1219,BYU_GS-v30_DogValleyPeak,GeoTiff - Zip,geotifs/24k/BYU_GS-v30_DogValleyPeakQuad_pl1.zip
1220,BYU_GS-v30_RedRidge,GeoTiff - Zip,geotifs/24k/BYU_GS-v30_RedRidgeQuad_pl2.zip
1221,BYU_GS-v30_Sugarloaf,GeoTiff - Zip,geotifs/24k/BYU_GS-v30_SugarloafQuad_fig20.zip
1222,BYU_GS-v32_Fillmore,GeoTiff - Zip,geotifs/24k/BYU_GS-v32_Fillmore-KanoshQuads_pl1.zip
1223,BYU_GS-v32_Kanosh,GeoTiff - Zip,geotifs/24k/BYU_GS-v32_Fillmore-KanoshQuads_pl2.zip
1224,BYU_GS-v33_SlateJackCyn,GeoTiff - Zip,geotifs/24k/BYU_GS-v33_SlateJackCynQuad_pl1.zip
1225,BYU_GS-v3_N-OnaquiMtns,GeoTiff - Zip,geotifs/24k/BYU_GS-v3_N-OnaquiMtns_no1.zip
1226,,GeoTiff - Zip,geotifs/24k/Orig_Rect_TimpCave.zip
1227,GQ-1713,GeoTiff - Zip,geotifs/24k/Paragonah.zip
1228,GQ-1712,GeoTiff - Zip,geotifs/24k/ParowanGap_recti.zip
1229,OFR-167,GeoTiff - Zip,geotifs/24k/UGMS_OFR-167_FisherValleyQuad_pl1.zip
1230,OFR-177,GeoTiff - Zip,geotifs/24k/UGMS_OFR-177_LatimerQuad.zip
1231,OFR-178,GeoTiff - Zip,geotifs/24k/UGMS_OFR-178_LundQuad.zip
1232,OFR-179,GeoTiff - Zip,geotifs/24k/UGMS_OFR-179_BurnsKnollQuad.zip
1233,OFR-69,GeoTiff - Zip,geotifs/24k/UGMS_OFR-69_AllensRanchQuad.zip
2221,OFR-717DR,Cross Section,xsections/OFR717DR_DeepCreekMtnsWSA.jpg
1234,CR-93-2,GeoTiff - Zip,geotifs/24k/UGS_CR-93-2_WellsvilleQuad_pl1.zip
1235,M-177,GeoTiff - Zip,geotifs/24k/UGS_M-177_MidvaleQuad_pl1.zip
1236,M-178,GeoTiff - Zip,geotifs/24k/UGS_M-178_MerrimacButteQuad_pl1.zip
1237,M-185,GeoTiff - Zip,geotifs/24k/UGS_M-185_ChrissCynQuad_pl1.zip
1238,M-210,GeoTiff - Zip,geotifs/24k/UGS_M-210_Lehi-PartTimpanogosCaveQuads_pl1.zip
1239,M-214dm,GeoTiff - Zip,geotifs/24k/UGS_M-214_TickvilleSpringQuad_pl1.zip
1240,M-219DM,GeoTiff - Zip,geotifs/24k/UGS_M-219_CoppertonQuad_pl1.zip
1241,M-224,GeoTiff - Zip,geotifs/24k/UGS_M-224_KaysvilleQuad_pl1.zip
1242,M-227,GeoTiff - Zip,geotifs/24k/UGS_M-227_SpanishForkQuad_pl1.zip
2220,OFR-717DR,Lithologic Column,lithcolumns/OFR717DR_DeepCreekMtnsWSA.jpg
1243,M-230,GeoTiff - Zip,geotifs/24k/UGS_M-230_GoshenValleyN-Quad_pl1.zip
1244,M-232,GeoTiff - Zip,geotifs/24k/UGS_M-232_LincolnPointQuad_pl1.zip
1245,M-233,GeoTiff - Zip,geotifs/24k/UGS_M-233_ProvoQuad_pl1.zip
1246,M-234,GeoTiff - Zip,geotifs/24k/UGS_M-234_W-MtnQuad_pl1.zip
1247,M-237,GeoTiff - Zip,geotifs/24k/UGS_M-237_WillowSpringsQuad_pl1.zip
1248,MP-01-4,GeoTiff - Zip,geotifs/24k/UGS_MP-01-4_AltonQuad_pl1.zip
1249,MP-02-2,GeoTiff - Zip,geotifs/24k/UGS_MP-02-2_TerraceMtnE-Quad_pl1.zip
1250,MP-02-3,GeoTiff - Zip,geotifs/24k/UGS_MP-02-3_TerraceMtnW-Quad_pl1.zip
1251,MP-07-2,GeoTiff - Zip,geotifs/24k/UGS_MP-07-2_FruitaQuad_pl1.zip
1252,MP-07-3,GeoTiff - Zip,geotifs/24k/UGS_MP-07-3_TwinRocksQuad_pl1.zip
1253,MP-08-1,GeoTiff - Zip,geotifs/24k/UGS_MP-08-1_CamplinPeakQuad_pl1.zip
1254,MP-09-2dm,GeoTiff - Zip,geotifs/24k/UGS_MP-09-2DM_LeesFerry_pl1.zip
1255,MP-09-3,GeoTiff - Zip,geotifs/24k/UGS_MP-09-3_KeltonPassQuad_pl1.zip
2219,OFR-717DR,GIS Data - Zip,open_file_reports/ofr-717/ofr-717.zip
1256,OFR-212,GeoTiff - Zip,geotifs/24k/UGS_OFR-212_JarvisPeakQuad_p1.zip
1257,M-251dm,GeoTiff - Zip,geotifs/24k/UGS_OFR-323_StGeorgeQuad_pl1.zip
1258,M-250DM,GeoTiff - Zip,geotifs/24k/UGS_OFR-352_WhiteHillsQuad_pl1.zip
1259,OFR-382,GeoTiff - Zip,geotifs/24k/UGS_OFR-382_CrandallCynQuad_pl1.zip
1260,OFR-393,GeoTiff - Zip,geotifs/24k/UGS_OFR-393_SpringdaleE-Quad_pl1.zip
1261,OFR-394 ,GeoTiff - Zip,geotifs/24k/UGS_OFR-394_SpringdaleW-Quad_pl1.zip
1262,OFR-395 ,GeoTiff - Zip,geotifs/24k/UGS_OFR-395_TheGuardianAngel_pl1.zip
1263,OFR-406,GeoTiff - Zip,geotifs/24k/UGS_OFR-406_CaveFlatQuad_pl1.zip
1264,OFR-425,GeoTiff - Zip,geotifs/24k/UGS_OFR-425_FrancisCynQuad_pl1.zip
1265,OFR-426,GeoTiff - Zip,geotifs/24k/UGS_OFR-426_LostCreekDamQuad_pl1.zip
1266,OFR-427,GeoTiff - Zip,geotifs/24k/UGS_OFR-427_PeckCynQuad_pl1.zip
2218,OFR-716DM,Lithologic Column,lithcolumns/OFR716DM_GrouseCreek.jpg
1267,OFR-428,GeoTiff - Zip,geotifs/24k/UGS_OFR-428_MonaQuad_pl1.zip
1268,OFR-444,GeoTiff - Zip,geotifs/24k/UGS_OFR-444_JerichoQuad_pl1.zip
1269,OFR-450,GeoTiff - Zip,geotifs/24k/UGS_OFR-450_DeseretPeakE-Quad_pl1.zip
2332,OFR-738,Appendix A - PDF,open_file_reports/ofr-738/ofr-738-a.pdf
2333,OFR-738,Appendix B - PDF,open_file_reports/ofr-738/ofr-738-b.pdf
1271,OFR-457,GeoTiff - Zip,geotifs/24k/UGS_OFR-457_CastleCliffQuad_pl1.zip
1272,OFR-464,GeoTiff - Zip,geotifs/24k/UGS_OFR-464_TerryBenchesQuad_pl1.zip
1273,OFR-480,GeoTiff - Zip,geotifs/24k/UGS_OFR-479_HorseRidgeQuad_pl1.zip
1274,M-248DM,GeoTiff - Zip,geotifs/24k/UGS_OFR-487_KanabQuad_pl1.zip
1275,OFR-498,GeoTiff - Zip,geotifs/24k/UGS_OFR-498_DurstMtnQuad_pl1.zip
1276,M-252DM,GeoTiff - Zip,geotifs/24k/UGS_OFR-502_HenrieKnollsQuad_pl1.zip
1277,OFR-510 ,GeoTiff - Zip,geotifs/24k/UGS_OFR-510_Goldstrike-E-DocsPassQuads_pl1.zip
2217,OFR-716DM,GIS Data - Zip,open_file_reports/ofr-716/ofr-716.zip
1278,GQ-1103,GeoTiff - Zip,geotifs/24k/USGS_GQ-1103_SpringvilleQuad.zip
1279,OFR-531,GeoTiff - Zip,geotifs/24k/UGS_OFR-531_MountCarmelQuad_pl1.zip
1280,OFR-535 ,GeoTiff - Zip,geotifs/24k/UGS_OFR-535_RaysValleyQuad_pl1.zip
1281,OFR-536 ,GeoTiff - Zip,geotifs/24k/UGS_OFR-536_SnowBasin-PartHuntsvilleQuads_pl1.zip
2216,OFR-715,Data - Zip,open_file_reports/ofr-715/ofr-715.zip
1282,OFR-545,GeoTiff - Zip,geotifs/24k/UGS_OFR-545_TinticMtnQuad_pl1.zip
1283,M-256DM,GeoTiff - Zip,geotifs/24k/UGS_OFR-554_YellowjacketCynQuad_pl1.zip
1284,M-275DM,GeoTiff - Zip,geotifs/24k/UGS_OFR-556_EphraimQuad_pl1.zip
1285,OFR-299,GeoTiff - Zip,geotifs/24k/2122_Standardville_plate1.zip
1286,OFR-218,GeoTiff - Zip,geotifs/24k/2399_Scipio%20South_plate1.zip
2081,OFR-687dm,GIS Data - Zip,gis_maps/sugarhouse_ofr_687.zip
1287,OFR-344,GeoTiff - Zip,geotifs/24k/2437_Monument%20Peak_plate1.zip
2215,MP-171DM,Cross Section,xsections/MP171DM_SwallowCanyon.jpg
1288,OFR-347,GeoTiff - Zip,geotifs/24k/2463_Monument%20Peak%20SW_plate1.zip
1289,OFR-348,GeoTiff - Zip,geotifs/24k/2466_Monument%20Point_plate1.zip
1290,OFR-349,GeoTiff - Zip,geotifs/24k/2470_Locomotive%20Springs_plate1.zip
1291,OFR-345,GeoTiff - Zip,geotifs/24k/2471_Monument%20Peak%20NW_plate1.zip
2214,MP-171DM,Lithologic Column,lithcolumns/MP171DM_SwallowCanyon.jpg
1292,OFR-346,GeoTiff - Zip,geotifs/24k/2472_Monument%20Peak%20NE_plate1.zip
1293,B-67,GeoTiff - Zip,"geotifs/24k/mb105_The%20rocks%20and%20scenery%20of%20Camp%20Maple%20Dell,%20Utah%20Co_plate1.zip"
1294,SS-42,GeoTiff - Zip,geotifs/24k/mb1087_Desert%20Mountain%20area_pl1.zip
1295,M-77,GeoTiff - Zip,geotifs/24k/mb1181_Tecoma_plate1.zip
2080,M-278DM,Lithologic Column,lithcolumns/M-278DM_Willard.jpg
1296,M-82,GeoTiff - Zip,geotifs/24k/mb1185_Circleville_plate1.zip
1297,M-90,GeoTiff - Zip,geotifs/24k/mb1260_Mt%20Ellen_plate1.zip
1298,M-91,GeoTiff - Zip,geotifs/24k/mb1270_Cutler%20Dam_plate1.zip
2079,M-278DM,Cross Section,xsections/M-278DM_Willard.jpg
1299,M-76,GeoTiff - Zip,geotifs/24k/mb1310_DeadmanCanyon_plate1.zip
1300,M-88,GeoTiff - Zip,geotifs/24k/mb1330_Honeyville_plate1.zip
2078,M-278DM,GIS Data - Zip,GIS_maps/willard_m-278.zip
1301,I-1606,GeoTiff - Zip,geotifs/24k/mb1358_North%20Ogden%20and%20part%20of%20Ogden%20and%20Plain%20City%20quadrangles_plate1.zip
1302,I-1605,GeoTiff - Zip,geotifs/24k/mb1408_Mantua%20and%20part%20of%20Willard%20quadrangles_plate1.zip
1303,M-78,GeoTiff - Zip,geotifs/24k/mb1411_Lucin_plate1.zip
1304,M-79,GeoTiff - Zip,geotifs/24k/mb1416_Lime%20kiln%20Knoll_plate1.zip
1305,M-95,GeoTiff - Zip,geotifs/24k/mb1437_Jackson_plate1.zip
2071,SS-162,Plate 1 - Shallow Groundwater - PDF,special_studies/ss-162/ss-162pl1.pdf 
1306,M-103,GeoTiff - Zip,geotifs/24k/mb1438_Panguitch%20NW_plate1.zip
2077,M-279DM,Lithologic Column,lithcolumns/UGS_M-279DM_Farmington.jpg
1307,M-94,GeoTiff - Zip,geotifs/24k/mb1439_Pigeon%20Mountain_plate1.zip
1308,M-83,GeoTiff - Zip,geotifs/24k/mb1444_Salina_plate1.zip
1309,MP-95-3,GeoTiff - Zip,geotifs/24k/mb1445_Richmond_plate1.zip
2070,SS-162,Plate 2 - Salt Tectonics Ground Deformation - PDF,special_studies/ss-162/ss-162pl2.pdf
1310,M-140,GeoTiff - Zip,geotifs/24k/mb1451_Gold%20Hill_plate1.zip
1311,M-108,GeoTiff - Zip,geotifs/24k/mb1454_Silver%20Peak_plate1.zip
1312,M-104,GeoTiff - Zip,geotifs/24k/mb1457_Little%20Creek%20Peak_plate1.zip
1313,M-84,GeoTiff - Zip,geotifs/24k/mb1458_Pinon%20Point_plate1.zip
2069,SS-162,Plate 3 - Flood - PDF,special_studies/ss-162/ss-162pl3.pdf
1314,M-85,GeoTiff - Zip,geotifs/24k/mb1459_Bery%20lJunction_plate1.zip
2076,M-279DM,Cross Section,xsections/UGS_M-279DM_Farmington.jpg
1315,M-89,GeoTiff - Zip,geotifs/24k/mb1460_Sego%20canyon_plate1.zip
1316,M-106,GeoTiff - Zip,geotifs/24k/mb1464_Antelope%20Range_plate1.zip
1317,M-105,GeoTiff - Zip,geotifs/24k/mb1465_Marysvale_plate1.zip
2068,SS-162,Plate 4 - Landslide - PDF,special_studies/ss-162/ss-162pl4.pdf
1318,M-98,GeoTiff - Zip,geotifs/24k/mb1494_Hells%20Kitchen%20CanyonSE_plate1.zip
1319,B-102,GeoTiff - Zip,geotifs/24k/mb1517_Geologic%20map%20of%20Antimony%20Canyon%20area_plate9.zip
1320,OFR-423,GeoTiff - Zip,geotifs/24k/mb1519_Little%20Drum%20Pass_mylar_plate1.zip
1321,BYU_GS-v27_SMP,GeoTiff - Zip,geotifs/24k/mb1543_Sewing%20Machine%20Pass_plate1.zip
1322,MF-520,GeoTiff - Zip,geotifs/24k/mb1561_Bald%20Knoll%20quadrangle_plate1.zip
1323,MB-1562,GeoTiff - Zip,geotifs/24k/mb1562_Cannonville%20quadrangle_plate1.zip
2067,SS-162,Plate 5 - Rockfall - PDF,special_studies/ss-162/ss-162pl5.pdf
1324,MO-1-DSP,GeoTiff - Zip,geotifs/24k/mb1563_Deer%20Spring%20Point%20quadrangle_plate1.zip
2075,M-279DM,GIS Data - Zip,GIS_maps/farmington_m-279.zip
1325,M-116,GeoTiff - Zip,geotifs/24k/mb1565_Escalante_plate1.zip
1326,MO-1-RP,GeoTiff - Zip,geotifs/24k/mb1567_Rainbow%20Point%20quadrangle_plate1.zip
1327,MO-1-BC,GeoTiff - Zip,geotifs/24k/mb1568_Basin%20Canyon%20quadrangle_plate1.zip
2011,OFR-38,Plate 1 - PDF,open_file_reports/ofr-38/ofr-38pl1.pdf
2012,OFR-38,Plate 2 - PDF,open_file_reports/ofr-38/ofr-38pl2.pdf
2013,OFR-38,Plate 3 - PDF,open_file_reports/ofr-38/ofr-38pl3.pdf
1330,CI-80,GeoTiff - Zip,geotifs/24k/USGS_CI-80_ColletTopQuad.zip
2066,SS-162,Plate 6 - Radon - PDF,special_studies/ss-162/ss-162pl6.pdf
1331,CI-59,GeoTiff - Zip,geotifs/24k/USGS_CI-59_DaveCynQuad.zip
1332,C-58,GeoTiff - Zip,geotifs/24k/mb1573_Death%20Ridge%20quadrangle_plate1.zip
1333,CI-130,GeoTiff - Zip,geotifs/24k/mb1574_East%20of%20the%20Navajo%20quadrangle_plate1.zip
1334,CI-61,GeoTiff - Zip,geotifs/24k/mb1575_Griffin%20Point%20quadrangle_plate1.zip
1335,MO-1-GB,GeoTiff - Zip,geotifs/24k/mb1578_Gunsight%20Butte%20SE%20[Gunsight%20Butte]%20quadrangle_plate1.zip
2065,SS-162,Plate 7 - Collapsible Soil - PDF,special_studies/ss-162/ss-162pl7.pdf 
1336,CI-74,GeoTiff - Zip,geotifs/24k/mb1579_Henrieville%20quadrangle_plate1.zip
2074,OFR-683DM,Lithologic Column,lithcolumns/OFR-683DM_Draper.jpg
1337,CI-66,GeoTiff - Zip,geotifs/24k/mb1584_Pine%20Lake%20quadrangle_plate1.zip
1338,CI-65,GeoTiff - Zip,geotifs/24k/mb1585_Seep%20Flat%20quadrangle_plate1.zip
1339,CI-60,GeoTiff - Zip,geotifs/24k/mb1592_Upper%20Valley%20quadrangle_plate1.zip
2064,SS-162,Plate 8 - Expansive Soil and Rock - PDF,special_studies/ss-162/ss-162pl8.pdf
1340,MO-1-CM,GeoTiff - Zip,geotifs/24k/mb1593_Cedar%20Mountain%20quadrangle_plate1.zip
1341,MO-1-CoaC,GeoTiff - Zip,"geotifs/24k/mb1594_CoalCreek%20[CedarCity,%20CedarMountain,%20FlaniganArch,%20and%20WebsterFlat]quad_plate1.zip"
1342,MO-1-GLVJ,GeoTiff - Zip,geotifs/24k/mb1597_Orderville%20NE-SE%20[Glendale%20and%20Long%20Valley%20Junction]%20quadrangle_plate1.zip
1343,MO-1-OMC,GeoTiff - Zip,geotifs/24k/mb1598_Orderville%20Canyon%20SW%20[Orderville%20and%20Mount%20Carmel]%20quadrangle_plate1.zip
2063,SS-162,Plate 9 - Soluble Soil and Rock - PDF,special_studies/ss-162/ss-162pl9.pdf
1344,MO-1-PRSM,GeoTiff - Zip,geotifs/24k/mb1599_Page%20Ranch-Stoddard%20Mountain%20quadrangle_plate1.zip
1345,MO-2-CR,GeoTiff - Zip,geotifs/24k/mb1600_Cliff%20Ridge%20quadrangle_plate1.zip
1346,MO-2-DQ,GeoTiff - Zip,geotifs/24k/mb1601_Dinosaur%20Quarry%20quadrangle_plate1.zip
1347,MP-16-2dm,GeoTiff - Zip,geotifs/24k/MP-16-2DM_DonkeyFlat.zip
2213,MP-171DM,GIS Data - Zip,misc_pubs/mp-171/mp-171.zip
1348,MO-2-DFV,GeoTiff - Zip,geotifs/24k/mb1603_Dry%20Fork-Vernal%20NW%20quadrangle_plate1.zip
2062,SS-162,Plate 10 - Corrosive Soil and Rock - PDF,special_studies/ss-162/ss-162pl10.pdf
1349,GQ-1560,GeoTiff - Zip,geotifs/24k/USGS_GQ-1560_IslandParkQuad.zip
2073,OFR-683DM,Cross Section,xsections/OFR-683DM_Draper.jpg
1350,MO-2-J,GeoTiff - Zip,geotifs/24k/mb1605_Jensen%20quadrangle_plate1.zip
1351,MO-2-JR,GeoTiff - Zip,geotifs/24k/mb1606_Jensen%20Ridge%20quadrangle_plate1.zip
1352,MO-2-LM,GeoTiff - Zip,geotifs/24k/mb1607_Lake%20Mountain%20quadrangle_plate1.zip
2061,SS-162,Plate 11 - Piping and Erosion - PDF,special_studies/ss-162/ss-162pl11.pdf
1353,M-155,GeoTiff - Zip,geotifs/24k/mb1608_Gold%20Bar%20Canyon_plate1.zip
1354,MO-2-RH,GeoTiff - Zip,geotifs/24k/mb1609_Rasmussen%20Hollow%20quadrangle_plate1.zip
1355,MO-2-SJR,GeoTiff - Zip,geotifs/24k/mb1610_Snake%20John%20Reef%20quadrangle_plate1.zip
1356,MO-2-VNSE,GeoTiff - Zip,geotifs/24k/mb1612_Vernal%20NE-SE%20[Vernal%20NE%20and%20Vernal%20SE]%20quadrangle_plate1.zip
1357,MO-2-SPTP,GeoTiff - Zip,geotifs/24k/mb1613_Steamboat%20Point%20[Steamboat%20Point%20and%20Town%20Point]%20quad_plate1.zip
2060,SS-162,Plate 12 - Wind-Blown Sand - PDF,special_studies/ss-162/ss-162pl12.pdf
1358,M-115,GeoTiff - Zip,geotifs/24k/mb1614_RogerPeak_plate1.zip
2072,OFR-683DM,GIS Data - Zip,open_file_reports/ofr-683/ofr-683.zip
1359,I-280,GeoTiff - Zip,geotifs/24k/mb1615_Factory%20Butte%20NW%20[Factory%20Butte]%20quadrangle_plate1.zip
1360,MO-2-DLP,GeoTiff - Zip,geotifs/24k/mb1616_Mount%20Ellen%20NE%20[Dry%20Lakes%20Peak]%20quadrangle_plate1.zip
1361,MB-1618,GeoTiff - Zip,geotifs/24k/mb1618_Mount%20Ellen%20SW%20[Steele%20Butte]%20quadrangle_plate1.zip
1362,MO-2-SM,GeoTiff - Zip,geotifs/24k/mb1619_Mount%20Ellen%20NW%20[Stevens%20Mesa]%20quadrangle_plate1.zip
1363,MO-2-MP,GeoTiff - Zip,geotifs/24k/mb1620_Mount%20Pennell%20NE%20[Mount%20Pennell]%20quadrangle_plate1.zip
1364,MO-2-PWBM,GeoTiff - Zip,geotifs/24k/mb1621_Cave%20Point%20[The%20Post%20and%20Wagon%20Box%20Mesa]%20quadrangle_plate1.zip
1365,MO-2-BCS,GeoTiff - Zip,geotifs/24k/mb1623_Floy%20Canyon%20SW%20[Bobby%20Canyon%20South]%20quadrangle_plate1.zip
2058,OFR-682DM,Cross Section,xsections/UGS-OFR682DM_TroutCreekSEQuad.jpg
1366,MO-2-FCS,GeoTiff - Zip,geotifs/24k/mb1624_Floy%20Canyon%20SE%20[Floy%20Canyon%20South]%20quadrangle_plate1.zip
2059,SS-162,Plate 13 - Shallow Bedrock - PDF,special_studies/ss-162/ss-162pl13.pdf 
1367,MO-2-AC,GeoTiff - Zip,geotifs/24k/mb1626_Westwater%20Creek%20South%20[Antone%20Canyon]%20quadrangle_plate1.zip
1368,MO-2-JPWC,GeoTiff - Zip,geotifs/24k/mb1627_Currant%20Creek%20[Jimmies%20Point%20and%20Wolf%20Creek%20Summit]%20quadrangle_plate1.zip
1369,MO-2-DMMH,GeoTiff - Zip,geotifs/24k/mb1629_Rock%20Creek%20[Dry%20Mountain%20and%20Mountain%20Home]%20quadrangle_plate1.zip
2057,OFR-682DM,GIS Data - Zip,gis_maps/ofr-682.zip
1370,MO-2-C,GeoTiff - Zip,geotifs/24k/mb1632_Coalville%20quadrangle_plate1.zip
1371,MO-2-TH,GeoTiff - Zip,geotifs/24k/mb1633_Turner%20Hollow%20quadrangle_plate1.zip
2056,M-216DM,GIS Data - Zip,gis_maps/m-216dm.zip
1372,M-117,GeoTiff - Zip,geotifs/24k/mb1636_Red%20Breaks_plate1.zip
1373,CI-132,GeoTiff - Zip,geotifs/24k/mb1637_Petes%20Cove%20quadrangle_plate1.zip
2053,OFR-680DM,GIS Data - Zip,gis_maps/ofr-680.zip
1374,MO-2-CTP,GeoTiff - Zip,geotifs/24k/mb1638_Caineville%20[Caineville%20and%20Town%20Point]%20quadrangle_plate1.zip
2055,M-216DM,Lithologic Column,lithcolumns/M-216DM_Magna.jpg
1375,MO-2-TCCC,GeoTiff - Zip,geotifs/24k/mb1643_Sego%20Canyon%20SE%20[Teepee%20Canyon%20and%20Calf%20Canyon]%20quadrangle_plate1.zip
1376,MO-2-FCCS,GeoTiff - Zip,geotifs/24k/mb1644_Cottonwood%20Creek%20[Flume%20Canyon%20and%20Cisco%20Springs]%20quadrangle_plate1.zip
1377,MO-2-RRJC,GeoTiff - Zip,geotifs/24k/mb1645_Colorado%20Line%20[Jim%20Canyon]%20quadrangle_plate1.zip
1378,MO-2-SRBC,GeoTiff - Zip,geotifs/24k/mb1646_West%20Bitter%20Creek%20[San%20Arroyo%20Ridge%20and%20Bryson%20Canyon]%20quadrangle_plate1.zip
1379,MO-2-DC,GeoTiff - Zip,geotifs/24k/mb1647_Westwater%20Creek%20North%20[Dry%20Canyon]%20quadrangle_plate1.zip
1380,MO-3-MPHR,GeoTiff - Zip,geotifs/24k/mb1649_Mount%20Pleasant-Huntington%20Reservoir%20quadrangle_plate1.zip
2051,OFR-680DM,Lithologic Column,lithcolumns/OFR-680dm_LeppyPeakArea.jpg
1381,CI-82,GeoTiff - Zip,geotifs/24k/mb1653_Acord%20Lakes%20NE%20[Emery%20West]%20quadrangle_plate1.zip
1382,MO-3-AL,GeoTiff - Zip,geotifs/24k/mb1654_Acord%20Lakes%20NW%20[Acord%20Lakes]%20quadrangle_plate1.zip
1383,MO-3-OWP,GeoTiff - Zip,geotifs/24k/mb1655_Acord%20Lakes%20SW%20[Old%20Woman%20Plateau]%20quadrangle_plate1.zip
1384,MO-3-TC,GeoTiff - Zip,geotifs/24k/mb1656_Castle%20Dale%20NW%20[The%20Cap]%20quadrangle_plate1.zip
2049,OFR-680DM,Cross Section,xsections/OFR-680dm_LeppyPeakArea.jpg
1385,MO-3-F,GeoTiff - Zip,geotifs/24k/mb1657_Castle%20Dale%20SW%20[Ferron]%20quadrangle_plate1.zip
1386,MO-3-JP,GeoTiff - Zip,geotifs/24k/mb1658_Emery%203%20NW%20[Johns%20Peak]%20quadrangle_plate1.zip
1387,MO-3-FC,GeoTiff - Zip,geotifs/24k/mb1659_Ferron%20Canyon%20quadrangle_plate1.zip
2048,M-219DM,Lithologic Column,lithcolumns/M-219DM_Copperton.jpg
1388,CI-83,GeoTiff - Zip,geotifs/24k/mb1660_Flagstaff%20Peak%20quadrangle_plate1.zip
1389,MO-3-H,GeoTiff - Zip,geotifs/24k/mb1661_Hiawatha%20NE%20[Hiawatha]%20quadrangle_plate1.zip
1390,MO-3-KS,GeoTiff - Zip,geotifs/24k/mb1662_Castlegate-Kyune%20[Kyune%20and%20Standardville]%20quadrangle_plate1.zip
2047,M-219DM,Cross Section,xsections/M-219DM_Copperton.jpg
1391,MO-3-RP,GeoTiff - Zip,geotifs/24k/mb1663_Hiawatha%20SE%20[Red%20Point]%20quadrangle%20_plate1.zip
2054,M-216DM,Cross Section,xsections/M-216DM_Magna.jpg
1392,MO-3-MP,GeoTiff - Zip,geotifs/24k/mb1664_Hiawatha%20SW%20[Mahogany%20Point]%20quadrangle_plate1.zip
1393,MO-3-RC,GeoTiff - Zip,geotifs/24k/mb1665_Hiawatha%20NW%20[Rilda%20Canyon]%20quadrangle_plate1.zip
1394,MO-3-W,GeoTiff - Zip,geotifs/24k/mb1668_Scofield%20SE%20[Wattis]%20quadrangle%20_plate1.zip
1395,MO-3-CM,GeoTiff - Zip,geotifs/24k/mb1669_Scofield%20SW%20[Candland%20Mountain]%20quadrangle_plate1.zip
2046,M-219DM,GIS Data - Zip,gis_maps/copperton_m-219.zip
1396,MO-3-CK,GeoTiff - Zip,geotifs/24k/mb1670_Soldier%20Summit%20SE%20[Colton-Kyune]%20quadrangle_plate1.zip
1397,MO-3-D,GeoTiff - Zip,geotifs/24k/mb1671_Beckwith%20Peak%20SE%20[Desert]%20quadrangle_plate1.zip
1398,MO-3-C,GeoTiff - Zip,geotifs/24k/mb1672_Beckwith%20Peak%20NE%20[Cliff]%20quadrangle_plate1.zip
1399,MO-3-SNW,GeoTiff - Zip,geotifs/24k/mb1675_Sunnyside%20NW%20[Mount%20Bartles]%20quadrangle_plate1.zip
2045,OFR-674DM,Cross Section,xsections/OFR674DM_Milford-EastHalfFriscoQuads.png
1400,MO-3-PH,GeoTiff - Zip,geotifs/24k/mb1676_Sunnyside%20SE%20[Patmos%20Head]%20quadrangle_plate1.zip
1401,MO-3-SUN,GeoTiff - Zip,geotifs/24k/mb1677_Sunnyside%20SW%20[Sunnyside]%20quadrangle_plate1.zip
2044,OFR-674DM,GIS Data - Zip,gis_maps/ofr-674.zip
1402,MO-3-CLP,GeoTiff - Zip,geotifs/24k/mb1680_Woodside%20NE%20[Cedar%20and%20Lila%20Point]%20quadrangle_plate1.zip
1403,MO-3-WSE,GeoTiff - Zip,geotifs/24k/mb1681_Woodside%20SE%20[Woodside]%20quadrangle_plate1.zip
1404,MO-3-WF,GeoTiff - Zip,geotifs/24k/mb1682_Acord%20Lakes%20SE%20[Walker%20Flat]%20quadrangle_plate1.zip
1405,MB-1684,GeoTiff - Zip,geotifs/24k/mb1684_Emery%201%20NE%20[Short%20Canyon]%20quadrangle_plate1.zip
2043,OFR-673dm,Cross Section,xsections/OFR673DM_SMountainHome-NIndianPeakRanges.png
1406,MO-3-EE,GeoTiff - Zip,geotifs/24k/mb1685_Emery%20East%20quadrangle_plate1.zip
1407,MO-3-MB,GeoTiff - Zip,geotifs/24k/mb1687_Mesa%20Butte%20quadrangle_plate1.zip
2042,OFR-673dm,GIS Data - Zip,gis_maps/ofr-673.zip
1408,M-154,GeoTiff - Zip,geotifs/24k/mb1875_Sunset%20Pass_plate1.zip
1409,M-107,GeoTiff - Zip,geotifs/24k/mb1927_Howell_plate1.zip
1410,M-129,GeoTiff - Zip,geotifs/24k/mb1929_Crater%20Island%20SW_plate1.zip
2041,OFR-672dm,Cross Section,xsections/OFR672DM_IndianPeakRange.png
1411,M-126,GeoTiff - Zip,geotifs/24k/mb1930_Elephant%20Butte_plate1.zip
1412,M-118,GeoTiff - Zip,geotifs/24k/mb1932_Tenmile%20Flat_plate1.zip
2040,OFR-672dm,GIS Data - Zip,gis_maps/ofr-672.zip
1413,M-119,GeoTiff - Zip,geotifs/24k/mb1933_King%20Bench_plate1.zip
1414,M-120,GeoTiff - Zip,geotifs/24k/mb1934_Calf%20Creek_plate1.zip
1415,M-112,GeoTiff - Zip,geotifs/24k/mb1935_Aurora_plate1.zip
2039,OFR-671dm,Cross Section,xsections/OFR671DM_SouthernPineValley.png
1416,M-144,GeoTiff - Zip,geotifs/24k/mb1967_Patterson%20Pass_plate1.zip
1417,M-145,GeoTiff - Zip,geotifs/24k/mb1969_Crater%20Island%20NW_plate1.zip
2038,OFR-671dm,GIS Data - Zip,gis_maps/ofr-671.zip
1418,M-146,GeoTiff - Zip,geotifs/24k/mb1973_Blue%20Mountain_plate1.zip
1419,M-123,GeoTiff - Zip,geotifs/24k/mb1981_Calico%20Peak_Plate1.zip
1420,M-130,GeoTiff - Zip,geotifs/24k/mb1983_Lucin%204%20SW_plate1.zip
2037,OFR-681DM,Cross Section,xsections/OFR-681DM_GraniteMountainQuad.jpg
1421,CR-92-8,GeoTiff - Zip,geotifs/24k/mb1990_Central%20Bear%20River%20Range_plate1.zip
1422,M-134,GeoTiff - Zip,geotifs/24k/mb1999_Fountain%20Green%20North_plate1.zip
2036,OFR-681DM,GIS Data - Zip,gis_maps/ofr-681.zip
1423,OFR-262,GeoTiff - Zip,geotifs/24k/mb2011_Helper_plate1.zip
2205,MP-172,Cross Section,xsections/MP172_AngelCove.jpg
1424,M-141,GeoTiff - Zip,geotifs/24k/mb2013_Long%20Ridge_plate1.zip
1425,M-142,GeoTiff - Zip,geotifs/24k/mb2014_Red%20Knolls_plate1.zip
1426,M-109,GeoTiff - Zip,geotifs/24k/mb2015_Thatcher%20Mountain_plate1.zip
2035,OFR-679DM,Lithologic Column,lithcolumns/UGS-M-166_GraybackHills.jpg
1427,M-136,GeoTiff - Zip,geotifs/24k/mb2016_Lampo%20Junction_plate1.zip
1428,M-125,GeoTiff - Zip,geotifs/24k/mb2017_Boulder%20Mountain_plate1.zip
1429,M-139,GeoTiff - Zip,geotifs/24k/mb2018_Gunnison_plate1.zip
2034,OFR-679DM,Cross Section,xsections/UGS-M-166_GraybackHills.jpg
1430,M-131,GeoTiff - Zip,geotifs/24k/mb2029_Mount%20Escalante_plate1.zip
1431,M-135,GeoTiff - Zip,geotifs/24k/mb2030_Levan_plate1.zip
2033,OFR-679DM,GIS Data - Zip,gis_maps/m-166_ofr-679dm.zip
1432,M-138,GeoTiff - Zip,geotifs/24k/mb2031_Redmond%20Canyon_plate1.zip
1433,M-137,GeoTiff - Zip,geotifs/24k/mb2032_Nephi_plate1.zip
1434,M-143,GeoTiff - Zip,geotifs/24k/mb2042_Smithfield_plate1.zip
2032,OFR-675DM,GIS Data - Zip,open_file_reports/ofr-675/ofr-675.zip
1435,OFR-209,GeoTiff - Zip,geotifs/24k/mb2045_Copper%20Creek%20Benches%20quadrangle%20mylar_plate1.zip
1436,OFR-228,GeoTiff - Zip,geotifs/24k/mb2056_Scipio%20Lake_mylar_plate1.zip
1437,OFR-225,GeoTiff - Zip,geotifs/24k/mb2057_Holden_mylar_plate1.zip
1438,OFR-217,GeoTiff - Zip,geotifs/24k/mb2058_Oak%20City%20South_mylar_plate1.zip
2031,OFR-678dm,Cross Section,xsections/OFR-678DM_BlueMtn.jpg
1439,OFR-227,GeoTiff - Zip,geotifs/24k/mb2059_Coffee%20Peak_mylar_plate1.zip
1440,OFR-223,GeoTiff - Zip,geotifs/24k/mb2060_Williams%20Peak_mylar_plate1.zip
1441,OFR-220,GeoTiff - Zip,geotifs/24k/mb2061_Fool%20Creek%20Peak_mylar_plate1.zip
1442,OFR-219,GeoTiff - Zip,geotifs/24k/mb2062_Scipio%20North_mylar_plate1.zip
1443,OFR-224,GeoTiff - Zip,geotifs/24k/mb2063_Duggins%20Creek_mylar_plate1.zip
2204,OFR-713DR,Cross Section,xsections/OFR713DR_CedarMesaBndryButte.jpg
1444,OFR-221,GeoTiff - Zip,geotifs/24k/mb2064_Oak%20City%20North_mylar_plate1.zip
2030,OFR-678dm,GIS Data - Zip,open_file_reports/ofr-678/ofr-678.zip
1445,OFR-296-K,GeoTiff - Zip,geotifs/24k/mb2102_portion%20of%20the%20Knolls%202%20SE%20quadrangle_plate1.zip
1446,OFR-296-L,GeoTiff - Zip,geotifs/24k/mb2105_portion%20of%20the%20Low%20quadrangle_plate4.zip
1447,OFR-296-ANW,GeoTiff - Zip,geotifs/24k/mb2107_portion%20of%20the%20Aragonite%20NW%20quadrangle_plate6.zip
2029,OFR-654,Lithologic Column,lithcolumns/OFR-654_Bicknell quadrangle.jpg
1448,OFR-296-A,GeoTiff - Zip,geotifs/24k/mb2108_portion%20of%20the%20Aragonite%20quadrangle_plate7.zip
2028,OFR-654,Cross Section,xsections/OFR_654_Bicknell quadrangle.jpg
1449,OFR-296-HP,GeoTiff - Zip,geotifs/24k/mb2109_portion%20of%20the%20Hastings%20Pass%20quadrangle_plate8.zip
1450,OFR-296-T,GeoTiff - Zip,geotifs/24k/mb2110_portion%20of%20the%20Timpie%20quadrangle_plate9.zip
1451,OFR-296-F,GeoTiff - Zip,geotifs/24k/mb2111_portion%20of%20the%20Flux%20quadrangle_plate10.zip
1452,OFR-296-B,GeoTiff - Zip,geotifs/24k/mb2112_portion%20of%20the%20Burmester%20quadrangle_plate11.zip
1453,OFR-296-FP,GeoTiff - Zip,geotifs/24k/mb2114_portion%20of%20the%20Farnsworth%20Peak%20quadrangle_plate13.zip
2026,OFR-623,Data - Excel,open_file_reports/ofr-623/ofr-623.xlsx 
1454,OFR-296-NWC,GeoTiff - Zip,geotifs/24k/mb2115_portion%20of%20the%20North%20Willow%20Canyon%20quadrangle_plate14.zip
1455,OFR-296-G,GeoTiff - Zip,geotifs/24k/mb2116_Grantsville%20quadrangle_plate15.zip
1456,OFR-296-TO,GeoTiff - Zip,geotifs/24k/mb2117_Tooele%20quadrangle_plate16.zip
2025,OFR-669DM,GIS Data - Zip,GIS_maps/tooele3060_ofr-669.zip
1457,OFR-296-BC,GeoTiff - Zip,geotifs/24k/mb2118_portion%20of%20the%20Bingham%20Canyon%20quadrangle_plate17.zip
1458,OFR-296-SM,GeoTiff - Zip,geotifs/24k/mb2120_portion%20of%20the%20South%20Mountain%20quadrangle_plate19.zip
1459,OFR-296-ST,GeoTiff - Zip,geotifs/24k/mb2121_portion%20of%20the%20Stockton%20quadrangle_plate20.zip
2024,OFR-667,Data - Zip,open_file_reports/ofr-667/ofr-667.zip
1460,OFR-300,GeoTiff - Zip,geotifs/24k/mb2123_Fairview_plate1_2.zip
1461,M-148,GeoTiff - Zip,geotifs/24k/mb2127_Smelter%20Knolls%20West_plate1.zip
1462,M-147,GeoTiff - Zip,geotifs/24k/mb2138_The%20Barracks_plate1.zip
1463,M-157,GeoTiff - Zip,geotifs/24k/mb2175_Harley%20Dome_plate1.zip
2023,OFR-668,Lithologic Column,lithcolumns/OFR-668_Lyman.png
1464,M-132,GeoTiff - Zip,geotifs/24k/mb2225_Juab_plate1.zip
1465,M-152,GeoTiff - Zip,geotifs/24k/mb2227_Hatch%20Mesa_plate1.zip
2022,OFR-668,Cross Section,xsections/OFR-668_Lyman.png
1466,M-153,GeoTiff - Zip,geotifs/24k/mb2228_Shivwits_plate1.zip
1467,M-151,GeoTiff - Zip,geotifs/24k/mb2231_Bear%20River%20City_plate1.zip
1468,OFR-309,GeoTiff - Zip,geotifs/24k/mb2243_Richfield_plate1.zip
1469,M-165,GeoTiff - Zip,geotifs/24k/mb2259_McCornick_plate1.zip
2021,SS-161,GIS Data - Zip,special_studies/ss-161/ss-161.zip
1470,M-160,GeoTiff - Zip,geotifs/24k/mb2260_Pilot%20Peak_plate1.zip
1471,M-158,GeoTiff - Zip,geotifs/24k/mb2261_Lucin%20NW_plate1.zip
1472,M-166,GeoTiff - Zip,geotifs/24k/mb2264_Grayback%20Hills_plate1.zip
2017,M-271DM,GIS Data - Zip,GIS_maps/santaclara_m-271.zip
1473,M-164,GeoTiff - Zip,geotifs/24k/mb2265_Scipio%20Pass_plate1.zip
1474,M-163,GeoTiff - Zip,geotifs/24k/mb2266_Swasey%20Peak_plate1.zip
1475,M-162,GeoTiff - Zip,geotifs/24k/mb2267_Coyote%20Knolls_plate1.zip
2016,M-271DM,Lithologic Column,lithcolumns/M-271DM_SantaClara.jpg
1476,M-159,GeoTiff - Zip,geotifs/24k/mb2268_Sterling_plate1.zip
1477,M-167,GeoTiff - Zip,geotifs/24k/mb2302_Hildale_plate1.zip
1478,MP-95-1,GeoTiff - Zip,geotifs/24k/mb2303_Fountain%20Green%20South_plate1.zip
2010,OFR-665,Data - Excel,open_file_reports/ofr-665/ofr-665.xls
1479,MP-95-2,GeoTiff - Zip,geotifs/24k/mb2304_New%20Harmony_plate1.zip
2196,OFR-458,Appendices - ZIP,open_file_reports/ofr-458/ofr-458.zip
1480,OFR-334,GeoTiff - Zip,geotifs/24k/mb2318_Jump%20Creek_plate1.zip
1481,M-168,GeoTiff - Zip,geotifs/24k/mb2328_Agate_plate1.zip
1482,M-128,GeoTiff - Zip,geotifs/24k/mb2329_Crater%20Island_plate1.zip
2009,SS-159,Plate 4 - S Wall North Creek Trench - PDF,special_studies/ss-159/ss-159pl4.pdf
1483,MP-99-3,GeoTiff - Zip,geotifs/24k/mb2367_Picture%20Rock%20Hills_plate1.zip
1484,MP-96-1,GeoTiff - Zip,geotifs/24k/mb2382_Logan_plate1.zip
1485,M-169,GeoTiff - Zip,geotifs/24k/mb2383_Dewey_plate1.zip
1486,M-96,GeoTiff - Zip,geotifs/24k/mb23_Lemay%20Island_plate1.zip
1487,OFR-341,GeoTiff - Zip,geotifs/24k/mb2402_Scofield_plate1.zip
1488,M-271DM,GeoTiff - Zip,geotifs/24k/UGS_M-271DM_SantaClaraQuad.zip
1489,OFR-351,GeoTiff - Zip,geotifs/24k/mb2444_Valley%20City_mylar_plate1.zip
2008,SS-159,Plate 3 - N Wall North Creek Trench - PDF,special_studies/ss-159/ss-159pl3.pdf
1490,OFR-357,GeoTiff - Zip,geotifs/24k/mb2453_Big%20Jensen%20Pass_plate1.zip
1491,OFR-356,GeoTiff - Zip,geotifs/24k/mb2454_Burbank%20Pass_plate1.zip
2197,M-283DM,GIS Data - Zip,maps/m-283/m-283.zip
1492,OFR-355,GeoTiff - Zip,geotifs/24k/mb2455_Deadman%20Point_plate1.zip
1493,OFR-354,GeoTiff - Zip,geotifs/24k/mb2456_Cedar%20Pass_plate1.zip
2007,SS-159,Plate 2 - S Wall Spring Lake Trench - PDF,special_studies/ss-159/ss-159pl2.pdf
1494,MP-99-5,GeoTiff - Zip,geotifs/24k/mb2464_Keg%20Mountain%20Ranch_plate1.zip
1495,MP-99-4,GeoTiff - Zip,geotifs/24k/mb2465_Keg%20Pass_plate1.zip
1496,MP-99-2,GeoTiff - Zip,geotifs/24k/mb2475_Wales_plate1.zip
2198,M-283DM,Cross Section,xsections/M283DM_SaltLakeCitySouth.jpg
1497,M-173,GeoTiff - Zip,geotifs/24k/mb2476_Brigham%20City_plate1.zip
1498,M-171,GeoTiff - Zip,geotifs/24k/mb2498_Big%20Bend_plate1.zip
1499,M-80,GeoTiff - Zip,geotifs/24k/mb2499_Circleville%20Mountain_plate1.zip
2006,SS-159,Plate 1 - N Wall Spring Lake Trench - PDF,special_studies/ss-159/ss-159pl1.pdf
1500,MP-97-5,GeoTiff - Zip,geotifs/24k/mb2502_Hatch_plate1.zip
2199,SS-144,GIS Data - Zip,special_studies/SS-144/ss-144.zip  
1501,MP-97-3,GeoTiff - Zip,geotifs/24k/mb2503_Hayes%20Canyon_plate1.zip
1502,MP-97-2,GeoTiff - Zip,geotifs/24k/mb2504_Sheeppen%20Creek_plate1.zip
1503,MP-97-1,GeoTiff - Zip,geotifs/24k/mb2511_Bear%20Lake%20South_plate1.zip
1504,MO-2-N,GeoTiff - Zip,geotifs/24k/mb2626_Naples%20quadrangle_plate1.zip
2005,OFR-663,Data - Excel,open_file_reports/ofr-663/ofr-663.xlsx
1505,M-192,GeoTiff - Zip,geotifs/24k/mb2652_Center%20Creek_plate1.zip
1506,OFR-445,GeoTiff - Zip,geotifs/24k/mb2699_Mills_mylar_plate1.zip
1507,MP-05-4,GeoTiff - Zip,geotifs/24k/mb2703_Clearfield_Plate1.zip
1508,OFR-497,GeoTiff - Zip,geotifs/24k/mb2737_Warner%20Lake_mylar_plate1.zip
2004,OFR-657,Data - Zip,open_file_reports/ofr-657/ofr-657.zip
1509,GQ-968,GeoTiff - Zip,geotifs/24k/mb317_Browns%20Hole%20quadrangle_plate1.zip
1510,MF-521,GeoTiff - Zip,geotifs/24k/mb335_Skutumpah%20Creek_plate1.zip
1511,MB-336,GeoTiff - Zip,geotifs/24k/mb336_Morgan%20quadrangle_plate1.zip
2200,OFR-703DM,GIS Data - Zip,open_file_reports/ofr-703/ofr-703.zip
1512,M-56,GeoTiff - Zip,geotifs/24k/mb508_Fairview%20Lakes_plate1.zip
2003,OFR-658,Data - Excel,open_file_reports/ofr-658/ofr-658.xls
1513,M-67,GeoTiff - Zip,geotifs/24k/mb516_Joes%20Valley%20Reservoir_plate1.zip
1514,GQ-1503,GeoTiff - Zip,geotifs/24k/mb536_Huntsville%20quadrangle_plate1.zip
1515,M-93,GeoTiff - Zip,geotifs/24k/mb55_Lucin%204%20NW_plate1.zip
1516,M-58,GeoTiff - Zip,geotifs/24k/mb560_Laketown_plate1.zip
2002,OFR-660,Data - ZIP,open_file_reports/ofr-660/ofr-660.zip
1517,OF-70-234,GeoTiff - Zip,geotifs/24k/mb565_Maple%20Peak%20quadrangle_plate1.zip
1518,OF-70-233,GeoTiff - Zip,geotifs/24k/mb590_Cherry%20Creek%20quadrangle_plate1.zip
1519,I-268,GeoTiff - Zip,geotifs/24k/mb775_Paria%20NW%20[Fivemile%20Valley]%20quadrangle_plate1.zip
2001,MP-16-5DM,Cross Section,xsections/MP-16-5DM_MountPowell.png
1520,M-114,GeoTiff - Zip,geotifs/24k/mb793_Geyser%20Peak_plate11.zip
1521,M-113,GeoTiff - Zip,geotifs/24k/mb807_Porcupine%20Reservoir_plate1.zip
1522,M-24-A,GeoTiff - Zip,geotifs/24k/mb85_NW%20Quarter%20of%20Nipple%20Butte%20[Nipple%20Butte]%20quadrangle_plate1.zip
2000,MP-16-5DM,Lithologic Column,lithcolumns/MP-16-5DM_MountPowell.png
1523,M-24-B,GeoTiff - Zip,geotifs/24k/mb86_NE%20Quarter%20of%20Nipple%20Butte%20[Tibbet%20Bench]%20quadrangle_plate1.zip
1524,M-81,GeoTiff - Zip,geotifs/24k/mb870_Fremont%20Pass_plate1.zip
1525,M-24-E,GeoTiff - Zip,geotifs/24k/mb87_NW%20Quarter%20of%20Gunsight%20Butte%20[Smoky%20Hollow]%20quadrangle_plate1.zip
1999,MP-16-5DM,GIS Data - Zip,misc_pubs/mp-16-5/mp-16-5.zip
1526,M-24-F,GeoTiff - Zip,geotifs/24k/mb88_NE%20Quarter%20of%20Gunsight%20Butte%20[Sit%20Down%20Bench]%20quadrangle_plate1.zip
1527,M-24-D,GeoTiff - Zip,geotifs/24k/mb89_SW%20Quarter%20of%20Nipple%20Butte%20[Glen%20Canyon%20City]%20quadrangle_plate1.zip
1528,M-24-C,GeoTiff - Zip,geotifs/24k/mb90_SE%20Quarter%20of%20Nipple%20Butte%20[Lone%20Rock]%20quadrangle_plate1.zip
1529,M-24-G,GeoTiff - Zip,geotifs/24k/mb91_SE%20Quarter%20of%20Gunsight%20Butte%20[Gunsight%20Butte]%20quadrangle_plate1.zip
1530,M-72,GeoTiff - Zip,geotifs/24k/mb983_Pine%20Canyon_plate1.zip
1531,CI-128,GeoTiff - Zip,geotifs/24k/mbxxxx_Needle%20Eye%20Point%20quadrangle_plate1.zip
2241,OFR-730,Data - Zip,open_file_reports/ofr-730/ofr-730.zip
1532,OFR-496,GeoTiff - Zip,geotifs/24k/Mount%20Waas_mylar_plate1.zip
1533,GQ-1120,GeoTiff - Zip,geotifs/24k/USGS_GQ-1120_CedarCityQuad_pl1.zip
2124,OFR-694dm,GIS Data - Zip,gis_maps/ofr-694.zip
1534,GQ-1295,GeoTiff - Zip,geotifs/24k/USGS_GQ-1295_CedarCityNW-Quad.zip
1535,GQ-1296,GeoTiff - Zip,geotifs/24k/USGS_GQ-1296_EnochQuad.zip
1536,GQ-1297,GeoTiff - Zip,geotifs/24k/USGS_GQ-1297_ThreePeaksQuad.zip
1997,M-276DM,Lithologic Column,lithcolumns/M-276DM_Kanarraville.png
1537,MP-06-7dm,GeoTiff - Zip,geotifs/24k/UGS_MP-06-7DM_AbajoMtns.zip
1538,I-2108,GeoTiff - Zip,geotifs/24k/BryceCanyonNP.zip
1539,MF-967,GeoTiff - Zip,geotifs/24k/USGS_MF-967_MtBelknapQuad.zip
1540,MB-1560,GeoTiff - Zip,geotifs/24k/mb1560_Bryce Point quadrangle_plate1.zip
1541,M-220,GeoTiff - Zip,geotifs/24k/UGS_M-220_KolobReservoirQuad_pl1_1.zip
1542,CI-137,GeoTiff - Zip,geotifs/24k/USGS_CI-137_HorseMtnQuad.zip
1543,CI-140,GeoTiff - Zip,geotifs/24k/USGS_CI-140_FourmileBenchQuad.zip
1544,CI-144,GeoTiff - Zip,geotifs/24k/USGS_CI-144_HorseFlatQuad.zip
1545,CI-55,GeoTiff - Zip,geotifs/24k/USGS_CI-55_WideHollowReservoirQuad.zip
1546,CI-63,GeoTiff - Zip,geotifs/24k/USGS_CI-63_NavajoPointQuad.zip
1547,CI-64,GeoTiff - Zip,geotifs/24k/USGS_CI-64_MazukiPointQuad.zip
1548,CI-82,GeoTiff - Zip,geotifs/24k/USGS_CI-82_EmeryW-Quad.zip
1549,CI-84,GeoTiff - Zip,geotifs/24k/USGS_CI-84_BigHollowWashQuad.zip
1550,CI-90,GeoTiff - Zip,geotifs/24k/USGS_CI-90_CanaanPeakQuad.zip
1551,CI-95,GeoTiff - Zip,geotifs/24k/USGS_CI-95_ButlerValleyQuad.zip
1552,GQ-1001,GeoTiff - Zip,geotifs/24k/USGS_GQ-1001_RedCreekRanchQuad.zip
1553,GQ-101,GeoTiff - Zip,geotifs/24k/USGS_GQ-101_ClayBasinQuad.zip
1554,GQ-1294,GeoTiff - Zip,geotifs/24k/USGS_GQ-1294_AvonSE-Quad.zip
1555,GQ-1301,GeoTiff - Zip,geotifs/24k/USGS_GQ-1301_EnochNE-Quad.zip
1556,GQ-1302,GeoTiff - Zip,geotifs/24k/USGS_GQ-1302_EnochNW-Quad.zip
1557,GQ-1401,GeoTiff - Zip,geotifs/24k/USGS_GQ-1401_JonesHoleQuad.zip
1558,GQ-141,GeoTiff - Zip,geotifs/24k/USGS_GQ-141_BoulterPeakQuad.zip
1559,GQ-1515,GeoTiff - Zip,geotifs/24k/USGS_GQ-1515_SplitMtnQuad.zip
1560,GQ-1530,GeoTiff - Zip,geotifs/24k/USGS_GQ-1530_StuntzReservoirQuad.zip
1561,GQ-1554,GeoTiff - Zip,geotifs/24k/USGS_GQ-1554_CrouseReservoirQuad.zip
1562,GQ-1589,GeoTiff - Zip,geotifs/24k/USGS_GQ-1589_GreenwichQuad.zip
1563,GQ-1590,GeoTiff - Zip,geotifs/24k/USGS_GQ-1590_KoosharemQuad.zip
1564,GQ-1690,GeoTiff - Zip,geotifs/24k/USGS_GQ-1690_NewcastleQuad.zip
1565,GQ-1695,GeoTiff - Zip,geotifs/24k/USGS_GQ-1695_HoyMtnQuad.zip
1566,GQ-1721,GeoTiff - Zip,geotifs/24k/USGS_GQ-1721_DodgeSpringQuad.zip
1567,GQ-1759,GeoTiff - Zip,geotifs/24k/USGS_GQ-1759_ScarecrowPeakQuad.zip
1568,GQ-1762,GeoTiff - Zip,geotifs/24k/USGS_GQ-1762_ParowanQuad_pl1.zip
1569,GQ-185,GeoTiff - Zip,geotifs/24k/USGS_GQ-185_ParadiseQuad.zip
1570,GQ-239,GeoTiff - Zip,geotifs/24k/USGS_GQ-239_AspenGroveQuad.zip
1571,GQ-241,GeoTiff - Zip,geotifs/24k/USGS_GQ-241_OremQuad.zip
1572,GQ-377,GeoTiff - Zip,geotifs/24k/USGS_GQ-377_DraperQuad.zip
1573,GQ-378,GeoTiff - Zip,geotifs/24k/USGS_GQ-378_DromedaryPeakQuad.zip
1574,GQ-379,GeoTiff - Zip,geotifs/24k/USGS_GQ-379_MountAireQuad.zip
1575,GQ-380,GeoTiff - Zip,geotifs/24k/USGS_GQ-380_SugarHouseQuad.zip
1576,GQ-534,GeoTiff - Zip,geotifs/24k/USGS_GQ-534_BrightonQuad.zip
1577,GQ-535,GeoTiff - Zip,geotifs/24k/USGS_GQ-535_ParkCityW-Quad.zip
1578,GQ-694,GeoTiff - Zip,geotifs/24k/USGS_GQ-694_KanarravilleQuad.zip
1579,GQ-75,GeoTiff - Zip,geotifs/24k/USGS_GQ-75_FlamingGorgeQuad.zip
1580,GQ-790,GeoTiff - Zip,geotifs/24k/USGS_GQ-790_CauseyDamQuad.zip
1581,GQ-852,GeoTiff - Zip,geotifs/24k/USGS_GQ-852_ParkCityE-Quad.zip
1582,GQ-864,GeoTiff - Zip,geotifs/24k/USGS_GQ-864_HeberCityQuad.zip
1583,GQ-922,GeoTiff - Zip,geotifs/24k/USGS_GQ-922_FarnsworthPeakQuad.zip
1584,GQ-924,GeoTiff - Zip,geotifs/24k/USGS_GQ-924_MillsJctQuad.zip
1585,GQ-992,GeoTiff - Zip,geotifs/24k/USGS_GQ-992_DugwayProvingGroundSW-Quad.zip
1586,GQ-998,GeoTiff - Zip,geotifs/24k/USGS_GQ-998_BridalVeilFallsQuad.zip
1587,I-100,GeoTiff - Zip,geotifs/24k/USGS_I-100_OlsenReservoirQuad.zip
1588,I-101,GeoTiff - Zip,geotifs/24k/USGS_I-101_ClevelandQuad.zip
1589,I-102,GeoTiff - Zip,geotifs/24k/USGS_I-102_CowFlatsQuad.zip
1590,I-103,GeoTiff - Zip,geotifs/24k/USGS_I-103_ChimneyRockQuad.zip
1591,I-104,GeoTiff - Zip,geotifs/24k/USGS_I-104_BobHillKnollQuad.zip
1592,I-1045,GeoTiff - Zip,geotifs/24k/USGS_I-1045_FurnerRidgeQuad.zip
1593,I-105,GeoTiff - Zip,geotifs/24k/USGS_I-105_BuckhornReservoirQuad.zip
1594,I-106,GeoTiff - Zip,geotifs/24k/USGS_I-106_HaddenHolesQuad.zip
1595,I-107,GeoTiff - Zip,geotifs/24k/USGS_I-107_JugRockQuad.zip
1596,I-108,GeoTiff - Zip,geotifs/24k/USGS_I-108_HorseBenchW-Quad.zip
1597,I-109,GeoTiff - Zip,geotifs/24k/USGS_I-109_KegKnollQuad.zip
1598,I-11,GeoTiff - Zip,geotifs/24k/USGS_I-11_MussentuchitFlatQuad.zip
1599,I-110,GeoTiff - Zip,geotifs/24k/USGS_I-110_CedarQuad.zip
1600,I-111,GeoTiff - Zip,geotifs/24k/USGS_I-111_DryMesaQuad.zip
1601,I-112,GeoTiff - Zip,geotifs/24k/USGS_I-112_SpottedWolfCynQuad.zip
1602,I-113,GeoTiff - Zip,geotifs/24k/USGS_I-113_GreasewoodDrawQuad.zip
1603,I-114,GeoTiff - Zip,geotifs/24k/USGS_I-114_TenmilePointQuad.zip
1604,I-115,GeoTiff - Zip,geotifs/24k/USGS_I-115_BowknotBendQuad.zip
1605,I-117,GeoTiff - Zip,geotifs/24k/USGS_I-117_DubinkyWashQuad.zip
1606,I-1173,GeoTiff - Zip,geotifs/24k/USGS_I-1173_SaltLakeCityS-Quad.zip
1607,I-1178,GeoTiff - Zip,geotifs/24k/USGS_I-1178_WellingtonQuad.zip
1608,I-118,GeoTiff - Zip,geotifs/24k/USGS_I-118_MineralCynQuad.zip
1609,I-119,GeoTiff - Zip,geotifs/24k/USGS_I-119_TheKnollQuad.zip
1610,I-12,GeoTiff - Zip,geotifs/24k/USGS_I-12_HorseBenchE-Quad.zip
1611,I-120,GeoTiff - Zip,geotifs/24k/USGS_I-120_SidsMtnQuad.zip
1612,I-1202,GeoTiff - Zip,geotifs/24k/USGS_I-1202_MoundsQuad.zip
1613,I-121,GeoTiff - Zip,geotifs/24k/USGS_I-121_BottleneckPeakQuad.zip
1614,I-122,GeoTiff - Zip,geotifs/24k/USGS_I-122_DevilsHoleQuad.zip
1615,I-123,GeoTiff - Zip,geotifs/24k/USGS_I-123_MexicanMtnQuad.zip
1616,I-124,GeoTiff - Zip,geotifs/24k/USGS_I-124_MolenQuad.zip
1617,I-125,GeoTiff - Zip,geotifs/24k/USGS_I-125_HouseParkButteQuad.zip
1618,I-127,GeoTiff - Zip,geotifs/24k/USGS_I-127_MancosJimButteQuad.zip
1619,I-1304A,GeoTiff - Zip,geotifs/24k/USGS_I-1304-A_RedmondQuad.zip
1620,I-135,GeoTiff - Zip,geotifs/24k/USGS_I-135_PosyLakeQuad.zip
1621,I-1404,GeoTiff - Zip,geotifs/24k/USGS_I-1404_SaltLakeCityN-Quad.zip
1622,I-1444,GeoTiff - Zip,geotifs/24k/USGS_I-1444_BeaverQuad.zip
1623,I-1445,GeoTiff - Zip,geotifs/24k/USGS_I-1445_GilliesHillQuad.zip
1624,I-150,GeoTiff - Zip,geotifs/24k/USGS_I-150_BlackSteerCynQuad.zip
1625,I-151,GeoTiff - Zip,geotifs/24k/USGS_I-151_FableValleyQuad.zip
1626,I-152,GeoTiff - Zip,geotifs/24k/USGS_I-152_WarrenCynQuad.zip
1627,I-154,GeoTiff - Zip,geotifs/24k/USGS_I-154_HornSilverGulchQuad.zip
1628,MF-150,GeoTiff - Zip,geotifs/24k/USGS_I-157_LisbonGapQuad.zip
1629,I-159,GeoTiff - Zip,geotifs/24k/USGS_I-159_SandstoneDrawQuad.zip
1630,I-16,GeoTiff - Zip,geotifs/24k/USGS_I-16_TeapotRockQuad.zip
1631,I-162,GeoTiff - Zip,geotifs/24k/USGS_I-162_GreenRiverQuad.zip
1632,I-163,GeoTiff - Zip,geotifs/24k/USGS_I-163_IndianHeadPassQuad.zip
1633,I-164,GeoTiff - Zip,geotifs/24k/USGS_I-164_ThompsonPointQuad.zip
1634,I-165,GeoTiff - Zip,geotifs/24k/USGS_I-165_BuckeyeReservoirQuad.zip
1635,I-166,GeoTiff - Zip,geotifs/24k/USGS_I-166_ShortCynQuad.zip
1636,I-17,GeoTiff - Zip,geotifs/24k/USGS_I-17_BitterCreekDivideQuad.zip
1637,I-170,GeoTiff - Zip,geotifs/24k/USGS_I-170_HiteN-Quad.zip
1638,I-172,GeoTiff - Zip,geotifs/24k/USGS_I-172_KaneSpringsQuad.zip
1639,I-173,GeoTiff - Zip,geotifs/24k/USGS_I-173_LaSalW-Quad.zip
1640,I-174,GeoTiff - Zip,geotifs/24k/USGS_I-174_RayMesaQuad.zip
1641,I-176,GeoTiff - Zip,geotifs/24k/USGS_I-176_SummitPointQuad.zip
1642,I-1762,GeoTiff - Zip,geotifs/24k/USGS_I-1762_FortDouglasQuad.zip
1643,I-177,GeoTiff - Zip,geotifs/24k/USGS_I-177_BigBendDrawQuad.zip
1644,I-178,GeoTiff - Zip,geotifs/24k/USGS_I-178_StairCynQuad.zip
1645,I-18,GeoTiff - Zip,geotifs/24k/USGS_I-18_LampStandQuad.zip
1646,I-181,GeoTiff - Zip,geotifs/24k/USGS_I-181_SnowFlatSpringCaveQuad.zip
1647,I-183,GeoTiff - Zip,geotifs/24k/USGS_I-183_LaSalE-Quad.zip
1648,I-184,GeoTiff - Zip,geotifs/24k/USGS_I-184_RainbowBridgeQuad.zip
1649,I-185,GeoTiff - Zip,geotifs/24k/USGS_I-185_DeepCynS-Quad.zip
1650,I-186,GeoTiff - Zip,geotifs/24k/USGS_I-186_MoonshineWashQuad.zip
1651,I-187,GeoTiff - Zip,geotifs/24k/USGS_I-187_ThePinnacleQuad.zip
1652,I-19,GeoTiff - Zip,geotifs/24k/USGS_I-19_SteepCreekBenchQuad.zip
1653,I-195,GeoTiff - Zip,geotifs/24k/USGS_I-195_SewingMachineQuad.zip
1654,I-2,GeoTiff - Zip,geotifs/24k/USGS_I-2_CrossCynQuad.zip
1655,I-20,GeoTiff - Zip,geotifs/24k/USGS_I-20_BoulderTownQuad.zip
1656,I-221,GeoTiff - Zip,geotifs/24k/USGS_I-221_NokaiDomeQuad.zip
1657,I-227,GeoTiff - Zip,geotifs/24k/USGS_I-227_SpringCynQuad.zip
1658,I-229,GeoTiff - Zip,geotifs/24k/USGS_I-229_HallsCrossingNE-Quad.zip
1659,I-23,GeoTiff - Zip,geotifs/24k/USGS_I-23_PioneerMesaQuad.zip
1660,I-233,GeoTiff - Zip,geotifs/24k/USGS_I-233_DeepCynN-Quad.zip
1661,I-238,GeoTiff - Zip,geotifs/24k/USGS_I-238_NavajoBegayQuad.zip
1662,I-240,GeoTiff - Zip,geotifs/24k/USGS_I-240_LaSalJctQuad.zip
1663,I-241,GeoTiff - Zip,geotifs/24k/USGS_I-241_HatchRockQuad.zip
1664,I-2427,GeoTiff - Zip,geotifs/24k/USGS_I-2427_Motoqua-GunlockQuads.zip
1665,I-244,GeoTiff - Zip,geotifs/24k/USGS_I-244_PetrifiedHollowQuad.zip
1666,I-245,GeoTiff - Zip,geotifs/24k/USGS_I-245_PinePointQuad.zip
1667,I-246,GeoTiff - Zip,geotifs/24k/USGS_I-246_ElmoQuad.zip
1668,I-248,GeoTiff - Zip,geotifs/24k/USGS_I-248_JohnsonLakesQuad.zip
1669,I-25,GeoTiff - Zip,geotifs/24k/USGS_I-25_HorsePastureMesaQuad.zip
1670,I-250,GeoTiff - Zip,geotifs/24k/USGS_I-250_TownPointQuad.zip
1671,I-251,GeoTiff - Zip,geotifs/24k/USGS_I-251_NephiPointQuad.zip
1672,I-258,GeoTiff - Zip,geotifs/24k/USGS_I-258_DeerRangePointQuad.zip
1673,I-259,GeoTiff - Zip,geotifs/24k/USGS_I-259_EightmilePassQuad.zip
1674,I-26,GeoTiff - Zip,geotifs/24k/USGS_I-26_SilverFallsBenchQuad.zip
1675,I-260,GeoTiff - Zip,geotifs/24k/USGS_I-260_PineHollowCynQuad.zip
1676,I-261,GeoTiff - Zip,geotifs/24k/USGS_I-261_SalvationCreekQuad.zip
1677,I-263,GeoTiff - Zip,geotifs/24k/USGS_I-263_W-ClarkBenchQuad.zip
1678,I-265,GeoTiff - Zip,geotifs/24k/USGS_I-265_BridgerPointQuad.zip
1679,I-266,GeoTiff - Zip,geotifs/24k/USGS_I-266_LowerCoyoteSpringQuad.zip
1680,I-267,GeoTiff - Zip,geotifs/24k/USGS_I-267_CutlerPointQuad.zip
1681,I-278,GeoTiff - Zip,geotifs/24k/USGS_I-278_SteamboatMesaQuad.zip
1682,I-279,GeoTiff - Zip,geotifs/24k/USGS_I-279_MarbleCynNE-Quad.zip
1683,I-29,GeoTiff - Zip,geotifs/24k/USGS_I-29_SunsetFlatQuad.zip
1684,I-294,GeoTiff - Zip,geotifs/24k/USGS_I-294_CaineSpringsQuad.zip
1685,I-294,GeoTiff - Zip,geotifs/24k/USGS_I-294_PoisonSpringBenchQuad.zip
1686,I-3,GeoTiff - Zip,geotifs/24k/USGS_I-3_CrowsNestSpringQuad.zip
1687,I-30,GeoTiff - Zip,geotifs/24k/USGS_I-30_EgyptQuad.zip
1688,I-302,GeoTiff - Zip,geotifs/24k/USGS_I-302_FruitaNW-Quad.zip
1689,I-31,GeoTiff - Zip,geotifs/24k/USGS_I-31_ScorpionGulchQuad.zip
1690,I-32,GeoTiff - Zip,geotifs/24k/USGS_I-32_ChippeanRocksQuad.zip
1691,I-322,GeoTiff - Zip,geotifs/24k/USGS_I-322_WillowCreekButteQuad.zip
1692,I-33,GeoTiff - Zip,geotifs/24k/USGS_I-33_BowdieCynE-Quad.zip
1693,I-35,GeoTiff - Zip,geotifs/24k/USGS_I-35_HotelRockQuad.zip
1694,I-36,GeoTiff - Zip,geotifs/24k/USGS_I-36_BowdieCynW-Quad.zip
1695,I-376,GeoTiff - Zip,geotifs/24k/USGS_I-376_FooteRangeQuad.zip
1696,I-377,GeoTiff - Zip,geotifs/24k/USGS_I-377_CoyoteKnollsQuad.zip
1697,I-378,GeoTiff - Zip,geotifs/24k/USGS_I-378_BigHorseshoeQuad.zip
1698,I-39,GeoTiff - Zip,geotifs/24k/USGS_I-39_BlackburnCynQuad.zip
1699,I-390,GeoTiff - Zip,geotifs/24k/USGS_I-390_CowboyPassQuad.zip
1700,I-391,GeoTiff - Zip,geotifs/24k/USGS_I-391_ChalkKnollsQuad.zip
1701,I-393,GeoTiff - Zip,geotifs/24k/USGS_I-393_N-KnollSpringQuad.zip
1702,I-4,GeoTiff - Zip,geotifs/24k/USGS_I-4_FlattopMtnQuad.zip
1703,I-40,GeoTiff - Zip,geotifs/24k/USGS_I-40_KingMesaQuad.zip
1704,I-41,GeoTiff - Zip,geotifs/24k/USGS_I-41_TheRinconQuad.zip
1705,I-42,GeoTiff - Zip,geotifs/24k/USGS_I-42_TheRinconNE-Quad.zip
1706,I-43,GeoTiff - Zip,geotifs/24k/USGS_I-43_StevensCynS-Quad.zip
1707,I-435,GeoTiff - Zip,geotifs/24k/USGS_I-435_CongerRangeSE-Quad-Adj.zip
1708,I-436,GeoTiff - Zip,geotifs/24k/USGS_I-436_KnollHillQuad-Adj.zip
1709,I-44,GeoTiff - Zip,geotifs/24k/USGS_I-44_DavisGulchQuad.zip
1710,I-45,GeoTiff - Zip,geotifs/24k/USGS_I-45_NasjaMesaQuad.zip
1711,I-46,GeoTiff - Zip,geotifs/24k/USGS_I-46_ThePostQuad.zip
1712,I-47,GeoTiff - Zip,geotifs/24k/USGS_I-47_ClayPointQuad.zip
1713,I-48,GeoTiff - Zip,geotifs/24k/USGS_I-48_DeerPointQuad.zip
1714,I-49,GeoTiff - Zip,geotifs/24k/USGS_I-49_StevensCynN-Quad.zip
1715,I-5,GeoTiff - Zip,geotifs/24k/USGS_I-5_GrassyQuad.zip
1716,I-50,GeoTiff - Zip,geotifs/24k/USGS_I-50_HallMesaQuad.zip
1717,I-51,GeoTiff - Zip,geotifs/24k/USGS_I-51_PollysPastureQuad.zip
1718,I-513,GeoTiff - Zip,geotifs/24k/USGS_I-513_ShaferBasinQuad.zip
1719,I-526,GeoTiff - Zip,geotifs/24k/USGS_I-526_TroughSpringCynQuad.zip
1720,I-53,GeoTiff - Zip,geotifs/24k/USGS_I-53_CigaretteSpringCaveQuad.zip
1721,I-54,GeoTiff - Zip,geotifs/24k/USGS_I-54_MexicanHatQuad.zip
1722,I-56,GeoTiff - Zip,geotifs/24k/USGS_I-56_KigaliaPointQuad.zip
1723,I-57,GeoTiff - Zip,geotifs/24k/USGS_I-57_DeePassQuad.zip
1724,I-58,GeoTiff - Zip,geotifs/24k/USGS_I-58_SlickhornCynE-Quad.zip
1725,I-59,GeoTiff - Zip,geotifs/24k/USGS_I-59_CedarMesaN-Quad.zip
1726,I-60,GeoTiff - Zip,geotifs/24k/USGS_I-60_CedarMesaS-Quad.zip
1727,I-61,GeoTiff - Zip,geotifs/24k/USGS_I-61_BluffQuad.zip
1728,I-62,GeoTiff - Zip,geotifs/24k/USGS_I-62_SlickhornCynW-Quad.zip
1729,I-63,GeoTiff - Zip,geotifs/24k/USGS_I-63_BlackMesaButteQuad.zip
1730,I-64,GeoTiff - Zip,geotifs/24k/USGS_I-64_No-MansIslandQuad.zip
1731,I-65,GeoTiff - Zip,geotifs/24k/USGS_I-65_OljetoNE-Quad.zip
1732,I-66,GeoTiff - Zip,geotifs/24k/USGS_I-66_HallsCrossingQuad.zip
1733,I-669,GeoTiff - Zip,geotifs/24k/USGS_I-669_EightmileRockQuad.zip
1734,I-670,GeoTiff - Zip,geotifs/24k/USGS_I-670_LockhartBasinQuad.zip
1735,I-68,GeoTiff - Zip,geotifs/24k/USGS_I-68_MusselmanArchQuad.zip
1736,I-69,GeoTiff - Zip,geotifs/24k/USGS_I-69_UpheavalDomeQuad.zip
1737,I-7,GeoTiff - Zip,geotifs/24k/USGS_I-7_CathedralButteQuad.zip
1738,I-70,GeoTiff - Zip,geotifs/24k/USGS_I-70_TurksHeadQuad.zip
1739,I-71,GeoTiff - Zip,geotifs/24k/USGS_I-71_MonumentBasinQuad.zip
1740,I-73,GeoTiff - Zip,geotifs/24k/USGS_I-73_N-Six-ShooterPeakQuad.zip
1741,I-74,GeoTiff - Zip,geotifs/24k/USGS_I-74_TheLoopQuad.zip
1742,I-75,GeoTiff - Zip,geotifs/24k/USGS_I-75_SpanishBottomQuad.zip
1743,I-758,GeoTiff - Zip,geotifs/24k/USGS_I-758_CathedralCynQuad.zip
1744,I-759,GeoTiff - Zip,geotifs/24k/USGS_I-759_GregoryButteQuad.zip
1745,I-76,GeoTiff - Zip,geotifs/24k/USGS_I-76_S-SixShooterPeakQuad.zip
1746,I-77,GeoTiff - Zip,geotifs/24k/USGS_I-77_AlcoveCynQuad.zip
1747,I-78,GeoTiff - Zip,geotifs/24k/USGS_I-78_GouldingNW-Quad.zip
1748,I-79,GeoTiff - Zip,geotifs/24k/USGS_I-79_GouldingNE-Quad.zip
1749,I-8,GeoTiff - Zip,geotifs/24k/USGS_I-8_S-LongPointQuad.zip
1750,I-80,GeoTiff - Zip,geotifs/24k/USGS_I-80_TheGoosenecksQuad.zip
1751,I-827,GeoTiff - Zip,geotifs/24k/USGS_I-827_CockscombRidgeQuad.zip
1752,I-831,GeoTiff - Zip,geotifs/24k/USGS_I-831_GraniteMtnQuad.zip
1753,I-87,GeoTiff - Zip,geotifs/24k/USGS_I-87_DalyQuad.zip
1754,I-874,GeoTiff - Zip,geotifs/24k/USGS_I-874_SoonerBenchQuad.zip
1755,I-88,GeoTiff - Zip,geotifs/24k/USGS_I-88_JessiesTwistQuad.zip
1756,I-89,GeoTiff - Zip,geotifs/24k/USGS_I-89_GreenRiverSE-Quad.zip
1757,I-90,GeoTiff - Zip,geotifs/24k/USGS_I-90_RuinPointQuad.zip
1758,I-91,GeoTiff - Zip,geotifs/24k/USGS_I-91_HatchTradingPostQuad.zip
1759,I-92,GeoTiff - Zip,geotifs/24k/USGS_I-92_McCrackenSpringQuad.zip
1760,I-93,GeoTiff - Zip,geotifs/24k/USGS_I-93_BigBenchQuad.zip
1761,I-94,GeoTiff - Zip,geotifs/24k/USGS_I-94_RecapturePocketQuad.zip
1762,I-95,GeoTiff - Zip,geotifs/24k/USGS_I-95_MontezumaCreekQuad.zip
1763,I-96,GeoTiff - Zip,geotifs/24k/USGS_I-96_NavajoCynQuad.zip
1764,I-97,GeoTiff - Zip,geotifs/24k/USGS_I-97_WickiupCynQuad.zip
1765,MF-100,GeoTiff - Zip,geotifs/24k/USGS_MF-100_LymanQuad.zip
1766,MF-101,GeoTiff - Zip,geotifs/24k/USGS_MF-101_BicknellQuad.zip
1767,MF-1013,GeoTiff - Zip,geotifs/24k/USGS_MF-1013_WalshKnollsQuad.zip
1768,MF-102,GeoTiff - Zip,geotifs/24k/USGS_MF-102_GovernmentPointQuad.zip
1769,MF-1025,GeoTiff - Zip,geotifs/24k/USGS_MF-1025_BatesKnollsQuad.zip
1770,MF-104,GeoTiff - Zip,geotifs/24k/USGS_MF-104_CathedralMtnQuad.zip
1771,MF-105,GeoTiff - Zip,geotifs/24k/USGS_MF-105_FlatTopQuad.zip
1772,MF-106,GeoTiff - Zip,geotifs/24k/USGS_MF-106_TorreyQuad.zip
1773,MF-1078,GeoTiff - Zip,geotifs/24k/USGS_MF-1078_AgencyDrawNE-Quad.zip
1774,MF-108,GeoTiff - Zip,geotifs/24k/USGS_MF-108_GroverQuad.zip
1775,MF-109,GeoTiff - Zip,geotifs/24k/USGS_MF-109_BlindLakeQuad.zip
1776,MF-110,GeoTiff - Zip,geotifs/24k/USGS_MF-110_DeerCreekLakeQuad.zip
1777,MF-1105,GeoTiff - Zip,geotifs/24k/USGS_MF-1105_MtBrighamQuad.zip
1778,MF-1108,GeoTiff - Zip,geotifs/24k/USGS_MF-1108_JosephPeakQuad.zip
1779,MF-1109,GeoTiff - Zip,geotifs/24k/USGS_MF-1109_MarysvaleCynQuad.zip
1780,MF-111,GeoTiff - Zip,geotifs/24k/USGS_MF-111_LowerBownsReservoirQuad.zip
1781,MF-1115,GeoTiff - Zip,geotifs/24k/USGS_MF-1115_MalmstenPeakQuad.zip
1782,MF-1116,GeoTiff - Zip,geotifs/24k/USGS_MF-1116_PiuteReservoirQuad.zip
1783,MF-112,GeoTiff - Zip,geotifs/24k/USGS_MF-112_NotomQuad.zip
1784,MF-1139,GeoTiff - Zip,geotifs/24k/USGS_MF-1139_DelanoPeakQuad.zip
1785,MF-114,GeoTiff - Zip,geotifs/24k/USGS_MF-114_BearCynQuad.zip
1786,MF-1147,GeoTiff - Zip,geotifs/24k/USGS_MF-1147_FishSpringsNE-SE-Quads.zip
1787,MF-1148,GeoTiff - Zip,geotifs/24k/USGS_MF-1148_FishSpringsNW-SW-Quads.zip
1788,MF-1149,GeoTiff - Zip,geotifs/24k/USGS_MF-1149_SandPassNW-Quad.zip
1789,MF-115,GeoTiff - Zip,geotifs/24k/USGS_MF-115_SandyCreekBenchesQuad.zip
1790,MF-1151,GeoTiff - Zip,geotifs/24k/USGS_MF-1151_SandPassQuad.zip
1791,MF-1152,GeoTiff - Zip,geotifs/24k/USGS_MF-1152_SawtoothPeakQuad.zip
1792,MF-1153,GeoTiff - Zip,geotifs/24k/USGS_MF-1153_HalfwaySummitQuad.zip
1793,MF-1191,GeoTiff - Zip,geotifs/24k/USGS_MF-1191_PoleMtnQuad.zip
1794,MF-1255,GeoTiff - Zip,geotifs/24k/USGS_MF-1255_ShellyBaldyPeakQuad.zip
1795,MF-1274,GeoTiff - Zip,geotifs/24k/USGS_MF-1274_BlackRidgeQuad.zip
1796,MF-131,GeoTiff - Zip,geotifs/24k/USGS_MF-131_FivemilePassQuad.zip
1797,MF-1329,GeoTiff - Zip,geotifs/24k/USGS_MF-1329_MarysvalePeakQuad.zip
1798,MF-1330,GeoTiff - Zip,geotifs/24k/USGS_MF-1330_AnnabellaQuad.zip
1799,MF-1331,GeoTiff - Zip,geotifs/24k/USGS_MF-1331_MonroePeakQuad.zip
1800,MF-1332,GeoTiff - Zip,geotifs/24k/USGS_MF-1332_MarjumPass-SwaseyPeakSW-Quads.zip
1801,MF-1334,GeoTiff - Zip,geotifs/24k/USGS_MF-1334_TunnelSpringQuad.zip
1802,MF-1335,GeoTiff - Zip,geotifs/24k/USGS_MF-1335_WhirlwindValleyNW-SW-Quads.zip
1803,MF-140,GeoTiff - Zip,geotifs/24k/USGS_MF-140_MountPealeQuad.zip
1804,MF-141,GeoTiff - Zip,geotifs/24k/USGS_MF-141_MtTukuhnikivatzQuad.zip
1805,MF-146,GeoTiff - Zip,geotifs/24k/USGS_MF-146_PhotographGapQuad.zip
1806,MF-147,GeoTiff - Zip,geotifs/24k/USGS_MF-147_ChurchRockQuad.zip
1807,MF-148,GeoTiff - Zip,geotifs/24k/USGS_MF-148_SopCynQuad.zip
1808,MF-1491,GeoTiff - Zip,geotifs/24k/USGS_MF-1491_BullsPassQuad.zip
1809,MF-151,GeoTiff - Zip,geotifs/24k/USGS_MF-151_LisbonValleyQuad.zip
1810,MF-163,GeoTiff - Zip,geotifs/24k/USGS_MF-163_MonticelloS-Quad.zip
1811,MF-164,GeoTiff - Zip,geotifs/24k/USGS_MF-164_EastlandQuad.zip
1812,MF-165,GeoTiff - Zip,geotifs/24k/USGS_MF-165_DevilMesaQuad.zip
1813,MF-166,GeoTiff - Zip,geotifs/24k/USGS_MF-166_HorseheadPointQuad.zip
1814,MF-167,GeoTiff - Zip,geotifs/24k/USGS_MF-167_BradfordCynQuad.zip
1815,MF-168,GeoTiff - Zip,geotifs/24k/USGS_MF-168_BugCynQuad.zip
1816,MF-1717,GeoTiff - Zip,geotifs/24k/USGS_MF-1717_AgencyDrawNW-Quad.zip
1817,MF-1774,GeoTiff - Zip,geotifs/24k/USGS_MF-1774_DragonQuad.zip
1818,MF-1839,GeoTiff - Zip,geotifs/24k/USGS_MF-1839_WolfPointQuad.zip
1819,MF-184,GeoTiff - Zip,geotifs/24k/USGS_MF-184_ClayHillsQuad.zip
1820,MF-185,GeoTiff - Zip,geotifs/24k/USGS_MF-185_BurntSpringQuad.zip
1821,MF-186,GeoTiff - Zip,geotifs/24k/USGS_MF-186_MikesMesaQuad.zip
1822,MF-1865,GeoTiff - Zip,geotifs/24k/USGS_MF-1865_BonanzaQuad.zip
1823,MF-1866,GeoTiff - Zip,geotifs/24k/USGS_MF-1866_FlatRockMesaQuad.zip
1140,M-179DM,GeoTiff - Zip,geotifs/500k/Rect_utah-500k_Nad27.zip
1996,M-276DM,Cross Section,xsections/M-276DM_Kanarraville.png
2206,MP-172,Lithologic Column,lithcolumns/MP172_AngelCove.jpg 
2207,OFR-431dm,Data - Zip,open_file_reports/ofr-431/ofr-431.zip
2208,OFR-712DM,GIS Data - Zip,open_file_reports/ofr-712/ofr-712.zip
2209,OFR-712DM,Cross Section,xsections/OFR712DM_HeberCity.jpg
2210,OFR-712DM,Lithologic Column,lithcolumns/OFR712DM_HeberCity.jpg
2211,OFR-711DR,GIS Data - Zip,open_file_reports/ofr-711/ofr-711.zip
2212,OFR-711DR,Lithologic Column,lithcolumns/OFR711dr_DirtyDFrenchSHappyCHorseshoeWSA.jpg
1993,M-247dm,GIS Data - Zip,maps/m-247/m-247.zip
1994,SS-152,GIS Data - Zip,special_studies/ss-152/ss-152.zip
1995,SS-153,GIS Data - Zip,special_studies/ss-153/ss-153.zip
2222,MP-174,Appendix - Excel,misc_pubs/mp-174/mp-174.xlsx
2345,OFR-741,Data - Excel,open_file_reports/ofr-741/ofr-741.xlsx
2346,OFR-742,Data - Excel,open_file_reports/ofr-742/ofr-742.xlsx
2347,C-119,GIS Data - Zip,circular/c-119/c-119.zip
2348,OFR-739,Lithologic Column,lithcolumns/OFR739_Promontory_Point_Y1.jpg
2349,OFR-734DM,GIS Data - Zip,open_file_reports/ofr-734/ofr-734.zip
2350,OFR-734DM,Lithologic Column,lithcolumns/OFR-734DM_Peterson.jpg
2351,OFR-734DM,Cross Section,xsections/OFR-734DM_Peterson.jpg
2352,M-291DR,Cross Section,xsections/M-291DR_StGeorge.jpg
2353,M-291DR,Lithologic Column,lithcolumns/M-291DR_StGeorge.jpg
2354,M-291DR,GIS Data - Zip,maps/m-291/m-291.zip
2355,OFR-743,Data - Zip,open_file_reports/ofr-743/ofr-743.zip
2356,OI-1949,Plates - PDF,oil_gas_field_studies/oi-plates.pdf
2357,UG-1-1,Article - McMillan p.1,utah_geology/utgeol1-1/utgeol1-1_1.pdf
2358,UG-1-1,Article - Girdley p.5,utah_geology/utgeol1-1/utgeol1-1_5.pdf
2359,UG-1-1,Article - Kaliser p.21,utah_geology/utgeol1-1/utgeol1-1_21.pdf
2360,UG-1-1,Article - Peterson p.45,utah_geology/utgeol1-1/utgeol1-1_45.pdf
2361,UG-1-1,Article - Schmoker p.51,utah_geology/utgeol1-1/utgeol1-1_51.pdf
2362,UG-1-1,Article - Whelan p.71,utah_geology/utgeol1-1/utgeol1-1_71.pdf
2363,UG-1-1,Bibliography 1973 p.83,utah_geology/utgeol1-1/utgeol1-1_83.pdf
2364,UG-1-1,Earthquake Activity May-Dec 1973 p.91,utah_geology/utgeol1-1/utgeol1-1_91.pdf
2365,UG-1-1,Article - McGugan p.93,utah_geology/utgeol1-1/utgeol1-1_93.pdf
2366,UG-1-1,Article - Ritzma p.95,utah_geology/utgeol1-1/utgeol1-1_95.pdf
2367,UG-2-1,Article - Picard p.1,utah_geology/utgeol2-1/utgeol2-1_1.pdf
2368,UG-2-1,Article - Caskey p.17,utah_geology/utgeol2-1/utgeol2-1_17.pdf
2369,UG-2-1,Article - Thomson p.27,utah_geology/utgeol2-1/utgeol2-1_27.pdf
2370,UG-2-1,Article - Cole p.49,utah_geology/utgeol2-1/utgeol2-1_49.pdf
2371,UG-2-1,Article - Whelan p.69,utah_geology/utgeol2-1/utgeol2-1_69.pdf
2372,UG-2-1,Article - Crittenden p.75,utah_geology/utgeol2-1/utgeol2-1_75.pdf
2373,UG-2-1,Article - Ritzma p.79,utah_geology/utgeol2-1/utgeol2-1_79.pdf
2374,UG-2-1,Article - Van Horn p.83,utah_geology/utgeol2-1/utgeol2-1_83.pdf
2375,UG-2-1,Earthquake Activity Jan-Jun 1974 p.89,utah_geology/utgeol2-1/utgeol2-1_89.pdf
2376,UG-2-2,Article - Seelos p.91,utah_geology/utgeol2-2/utgeol2-2_91.pdf
2377,UG-2-2,Article - Katzenberger p.103 ,utah_geology/utgeol2-2/utgeol2-2_103.pdf
2378,UG-2-2,Article - Peterson p.109,utah_geology/utgeol2-2/utgeol2-2_109.pdf
2379,UG-2-2,Article - High p.117,utah_geology/utgeol2-2/utgeol2-2_117.pdf
2380,UG-2-2,Article - Whelan p.125,utah_geology/utgeol2-2/utgeol2-2_125.pdf
2381,UG-2-2,Article - Campbell p.129,utah_geology/utgeol2-2/utgeol2-2_129.pdf
2382,UG-2-2,Article - Ritzma p.133,utah_geology/utgeol2-2/utgeol2-2_133.pdf
2383,UG-2-2,Article - Cook p.135,utah_geology/utgeol2-2/utgeol2-2_135.pdf
2384,UG-2-2,Bibliography of Utah Geology 1974 p.137,utah_geology/utgeol2-2/utgeol2-2_137.pdf
2385,M-293DR,GIS Data - Zip,maps/m-293/m-293.zip
2386,M-293DR,Cross Section,xsections/M-293DR_Hurricane.jpg
2387,M-293DR,Lithologic Column,lithcolumns/M-293DR_Hurricane.jpg
2388,UG-3-1,Article - Kaliser p.1,utah_geology/utgeol3-1/utgeol3-1_1.pdf
2389,UG-3-1,Article - Doelling p.13,utah_geology/utgeol3-1/utgeol3-1_13.pdf
2390,UG-3-1,Article - Perry p.23,utah_geology/utgeol3-1/utgeol3-1_23.pdf
2391,UG-3-1,Article - Madsen p.51,utah_geology/utgeol3-1/utgeol3-1_51.pdf
2392,UG-3-1,Article - Maxwell p.61,utah_geology/utgeol3-1/utgeol3-1_61.pdf
2393,UG-3-1,Article - Cook p.67,utah_geology/utgeol3-1/utgeol3-1_67.pdf
2394,UG-3-2,Article - Ryer p.71,utah_geology/utgeol3-2/utgeol3-2_71.pdf
2395,UG-3-2,Article - High p.85,utah_geology/utgeol3-2/utgeol3-2_85.pdf
2396,UG-3-2,Article - Loring p.97,utah_geology/utgeol3-2/utgeol3-2_97.pdf
2397,UG-3-2,Article - DeGraff p.111,utah_geology/utgeol3-2/utgeol3-2_111.pdf
2398,UG-3-2,Article - Sorensen p.117,utah_geology/utgeol3-2/utgeol3-2_117.pdf
2399,UG-3-2,Article - Cook p.123,utah_geology/utgeol3-2/utgeol3-2_123.pdf
2400,UG-3-2,Bibliography of Utah Geology 1975 p.127,utah_geology/utgeol3-2/utgeol3-2_127.pdf
2401,UG-4-1,Article - Stokes p.1,utah_geology/utgeol4-1/utgeol4-1_1.pdf
2402,UG-4-1,Article - Tayler p.19,utah_geology/utgeol4-1/utgeol4-1_19.pdf
2403,UG-4-1,Article - Doelling p.29,utah_geology/utgeol4-1/utgeol4-1_29.pdf
2404,UG-4-1,Article - Nash p.35,utah_geology/utgeol4-1/utgeol4-1_35.pdf
2405,UG-4-1,Article - Gwynn p.43,utah_geology/utgeol4-1/utgeol4-1_43.pdf
2406,UG-4-1,Article - Ritzma p.49,utah_geology/utgeol4-1/utgeol4-1_49.pdf
2407,UG-4-1,Article - Cook p.53,utah_geology/utgeol4-1/utgeol4-1_53.pdf
2408,UG-4-1,Article - High p.57,utah_geology/utgeol4-1/utgeol4-1_57.pdf
2409,UG-4-2,Article - Blakey p.67,utah_geology/utgeol4-2/utgeol4-2_67.pdf
2410,UG-4-2,Article - Gwynn p.85,utah_geology/utgeol4-2/utgeol4-2_85.pdf
2411,UG-4-2,Article - Hunt p.95,utah_geology/utgeol4-2/utgeol4-2_95.pdf
2412,UG-4-2,Article - Rigby p.105,utah_geology/utgeol4-2/utgeol4-2_105.pdf
2413,UG-4-2,Article - Willett p.113,utah_geology/utgeol4-2/utgeol4-2_113.pdf
2414,UG-4-2,Article - Cook p.125,utah_geology/utgeol4-2/utgeol4-2_125.pdf
2415,UG-4-2,Bibliography of Utah Geology 1976 p. 131,utah_geology/utgeol4-2/utgeol4-2_131.pdf
2416,UG-5-1,Article - Stacey p.1,utah_geology/utgeol5-1/utgeol5-1_1.pdf
2417,UG-5-1,Article - Lin p.17,utah_geology/utgeol5-1/utgeol5-1_17.pdf
2418,UG-5-1,Article - Tayler p.27,utah_geology/utgeol5-1/utgeol5-1_27.pdf
2419,UG-5-1,Article - Haugh p.33,utah_geology/utgeol5-1/utgeol5-1_33.pdf
2420,UG-5-1,Article - Smith p.37,utah_geology/utgeol5-1/utgeol5-1_37.pdf
2421,UG-5-1,Article - Johnson p.57,utah_geology/utgeol5-1/utgeol5-1_57.pdf
2422,UG-5-1,Article - Cook p.79,utah_geology/utgeol5-1/utgeol5-1_79.pdf
2423,OFR-745,Data - Zip,open_file_reports/ofr-745/ofr-745.zip
2424,SS-170,Appendix - PDF,special_studies/ss-170/ss-170-a.pdf
2425,SS-171,Appendix A - Excel,special_studies/ss-171/ss-171a.xlsx
2426,SS-171,Appendix B - Excel,special_studies/ss-171/ss-171b.xlsx
2427,OFR-566,Appendix - Zip,open_file_reports/OFR-566/OFR-566.zip
2428,SS-132,Plate 1 - PDF,special_studies/ss-132/ss-132pl1.pdf
2429,SS-132,Plate 2 - PDF,special_studies/ss-132/ss-132pl2.pdf
2430,SS-132,Plate 3 - PDF,special_studies/ss-132/ss-132pl3.pdf
2431,SS-132,Plate 4 - PDF,special_studies/ss-132/ss-132pl4.pdf
2432,SS-132,Plate 5 - PDF,special_studies/ss-132/ss-132pl5.pdf
2433,SS-132,Plate 6 - PDF,special_studies/ss-132/ss-132pl6.pdf
2434,M-297DM,GIS Data - Zip,maps/m-297/m-297.zip
2435,M-297DM,Cross Section,xsections/M-297DM_ParkCityWest.jpg
2436,M-297DM,Lithologic Column,lithcolumns/M-297DM_ParkCityWest.jpg
2438,OFR-745,Data - Zip,open_file_reports/ofr-745/ofr-745.zip
2439,OFR-747,Data - Zip,open_file_reports/ofr-747/ofr-747.zip
2442,OFR-469,Data - Zip,open_file_reports/ofr-469/ofr-469.zip
2443,OFR-748,Data - Zip,open_file_reports/ofr-748/ofr-748.zip
2444,M-295DM,GIS Data - Zip,maps/m-295/m-295.zip
2445,M-295DM,Cross Section,xsections/UGS_M-295DM_HeberCity.jpg
2446,M-295DM,Lithologic Column,lithcolumns/UGS_M-295DM_HeberCity.jpg
2447,M-296DM,GIS Data - Zip,maps/m-296/m-296.zip
2448,M-296DM,Cross Section,xsections/UGS_M-296DM_ParkCityEast.jpg
2449,M-296DM,Lithologic Column,lithcolumns/UGS_M-296DM_ParkCityEast.jpg
2450,OFR-749,Data - Zip,open_file_reports/ofr-749/ofr-749.zip
2451,OFR-751,Data - Zip,open_file_reports/ofr-751/ofr-751.zip
2452,CR-92-8.5,GeoTiff - Zip,geotifs/24k/CR-92-8.5.zip
2453,OFR-607,GeoTiff - Zip,geotifs/24k/OFR-607.zip
2454,OFR-142,GeoTiff - Zip,geotifs/24k/OFR-142.zip
2455,CR-92-8.4,GeoTiff - Zip,geotifs/24k/CR-92-8.4.zip
2456,OFR-541,GeoTiff - Zip,geotifs/24k/OFR-541.zip
2457,OFR-456,GeoTiff - Zip,geotifs/24k/OFR-456.zip
2458,OFR-130,GeoTiff - Zip,geotifs/24k/OFR-130.zip
2459,OF-650,Map - PDF,open_file_reports/of-650/of-650.zip
2460,OFR-755,Data - Zip,open_file_reports/ofr-755/ofr-755.zip
2461,OFR-15,GeoTiff - Zip,geotifs/24k/USGS_MF-739.zip
2462,I-82,GeoTiff - Zip,geotifs/24k/USGS_1-82_ShayMtnQuad.zip
2463,I-242,GeoTiff - Zip,geotifs/24k/USGS_MF-146_PhotographGapQuad.zip
2464,MF-162,GeoTiff - Zip,geotifs/24k/USGS_MF-162_MonticelloLake.zip
2465,I-24,GeoTiff - Zip,geotifs/24k/USGS_MF-156_WagonBoxMesa.zip
2466,MF-2411,GeoTiff - Zip,geotifs/24k/USGS_MF-2411_TheLoop.zip
2467,OF-665,GeoTiff - Zip,geotifs/24k/USGS_OF-665_HorsethiefCanyonQuad.zip
2468,OF-408,GeoTiff - Zip,geotifs/24k/USGS_OF-408_AbajoPeakQuad.zip
2469,M-294DM,Lithologic Column,lithcolumns/M-294DM_RushValley.jpg
2470,M-294DM,Cross Section,xsections/M-294DM_RushValley.jpg
2471,M-294DM,Supplemental Data Table A6,maps/m-294/m-294A.xlsx
2472,M-294DM,GIS Data - Zip,maps/m-294/m-294.zip
2473,OF-501,GeoTiff - Zip,geotifs/24k/USGS_OF-501_FiddlerButteQuad.zip
2475,BYU_GS-v19_MillFork,GeoTiff - Zip,geotifs/24k/BYU_GS-v19_MillForkQuad_pl1.zip
2476,MF-579,GeoTiff - Zip,geotifs/24k/USGS_MF-579_SouthamCanyonQuad.zip
2477,MF-306,GeoTiff - Zip,geotifs/24k/USGS_MF-309_WarmCreekBayQuad.zip
2478,OF-79-1612,GeoTiff - Zip,geotifs/24k/USGS_OF-79-1612.zip
2479,MP-177,Technical Sessions Day 1 - PDF,misc_pubs/mp-177/mp-177-1.pdf
2480,MP-177,Technical Sessions Day 2 - PDF,misc_pubs/mp-177/mp-177-2.pdf
2481,MP-177,Technical Sessions Day 3 - PDF,misc_pubs/mp-177/mp-177-3.pdf
2482,MP-177,Technical Sessions Day 4 - PDF,misc_pubs/mp-177/mp-177-4.pdf
2483,MP-177,Poster Session Abstracts - PDF,misc_pubs/mp-177/mp-177-posters.pdf
2485,OFR-757,Data - Zip,open_file_reports/ofr-757/ofr-757.zip
2486,MP-175DM,GIS Data - Zip,misc_pubs/mp-175/mp-175.zip
2487,MP-175DM,Cross Section,xsections/MP-175DM_RillCreekKaneSprings.jpg
2488,MP-175DM,Lithologic Column,lithcolumns/MP-175DM_RillCreekKaneSprings.jpg
2489,M-298DM,GIS Data - Zip,maps/m-298/m-298.zip
2490,M-298DM,Cross Section,xsections/M-298DM_BountifulPeak.jpg
2491,M-298DM,Lithologic Column,lithcolumns/M-298DM_BountifulPeak.jpg
2492,OFR-677,GeoTiff - Zip,geotifs/24k/UGS_OFR-677_InterimParkCityEastQuad.zip
2493,OFR-476dm,Cross Section,xsections/OFR-476_CedarCity.jpg
2494,M-206dm,Cross Section,xsections/M-206DM_Delta.jpg
2495,OFR-689,Cross Section,xsections/OFR-689_Duchesne.jpg
2496,M-274dm,Cross Section,xsections/M-274_DugwayProvingGround.jpg
2497,OFR-491dm,Cross Section,xsections/OFR491_DutchJohn.jpg
2498,OFR-690dm,Cross Section,xsections/OFR690_Escalante.jpg
2499,M-254dm,Cross Section,xsections/M-254_HiteCrossing.jpg
2500,MP-08-2dm,Cross Section,xsections/MP-08-2_Kanab.jpg
2501,M-205DM,Cross Section,xsections/M-205_LaSalQuad.jpg
2502,MP-06-3dm,Cross Section,xsections/MP-06-3_LowerEscalanteRiver.jpg
2503,OFR-653dm,Cross Section,xsections/OFR-653_Ogden.jpg
2504,M-270dm,Cross Section,xsections/M-270_Panguitch.jpg
2505,M-195dm,Cross Section,xsections/M-195_Richfield.jpg
2506,M-294DM,Cross Section,xsections/M-294_RushValley.jpg
2507,M-242dm,Cross Section,xsections/M-242_StGeorge.jpg
2508,M-267dm,Cross Section,xsections/M-267_SanRafael.jpg
2509,OFR-549dm,Cross Section,xsections/OFR549_SeepRidgeQuad.jpg
2510,M-190,Cross Section,xsections/M-190_SaltLakeCity.jpg
2511,M-213dm,Cross Section,xsections/M-213_SmokyMountain.jpg
2512,M-189,Cross Section,xsections/M-189_Nephi.jpg
2513,MP-06-8dm,Cross Section,xsections/Mp-06-8_Logan.jpg
2514,M-284DM,Cross Section,xsections/M-284_Tooele.jpg
2515,M-222dm,Cross Section,xsections/M-222_TuleValley.jpg
2516,OFR-506dm,Cross Section,xsections/OFR506_VernalQuad.jpg
2517,M-207dm,Cross Section,xsections/M-207DM_WahWahMtsNorth.jpg
2518,OFR-441dm,Cross Section,xsections/OFR441_WestwaterQuad.jpg
2519,OFR-642,Cross Section,xsections/OFR642_Salina.jpg
2520,M-180DM,Cross Section,xsections/M-180_MoabQuad.jpg
2521,M-198dm,Cross Section,xsections/OFR-440_Price.jpg
2522,OFR-440dm,Cross Section,xsections/OFR-440_Huntington.jpg
2523,OFR-698DR,Cross Section,xsections/OFR-698_PromontoryPoint.jpg
2524,OFR-758,Data - Zip,open_file_reports/ofr-758/ofr-758.zip
2525,OFR-301,GeoTiff - Zip,geotifs/24k/mb1618.zip
2526,CR-92-8,GeoTiff - Zip,geotifs/24k/UGS_CR-92-8_NaomiPeakQuad.zip
2527,OFR-597,Appendix A - PDF,open_file_reports/ofr-597/ofr-597-a.pdf
2528,OFR-597,Appendix B - Zip,open_file_reports/ofr-597/ofr-597-b.zip
2529,OFR-597,Appendix C - Zip ,open_file_reports/ofr-597/ofr-597-c.zip
2530,OFR-597,Appendix D - PDF,open_file_reports/ofr-597/ofr-597-d.pdf
2531,OFR-597,Appendix E - PDF,open_file_reports/ofr-597/ofr-597-e.pdf
2532,HD-1,GeoTiff - Zip,geotifs/24k/HD-1_TheBlocksQuad.zip
2533,OFR-752DM,GIS Data - Zip,open_file_reports/ofr-752/ofr-752.zip
2534,OFR-752DM,Lithologic Column,lithcolumns/UGS_OFR-752DM_CliftonQuad.jpg
2535,HD-2,GeoTiff - Zip,geotifs/24k/HD-2_DrownedHoleDraw.zip
2536,HD-3,GeoTiff - Zip,geotifs/24k/HD-3_BearCanyon.zip
2537,HD-4,GeoTiff - Zip,geotifs/24k/HD-4_OldWomanWash.zip
2538,SS-172,Appendix B - Excel,special_studies/ss-172/ss-172b.xlsx
2539,SS-172,Appendix D - Excel,special_studies/ss-172/ss-172d.xlsx
2540,OFR-760,Map Data - Zip,open_file_reports/ofr-760/ofr-760.zip
2541,OFR-760,GeoTiff - Zip,geotifs/24k/OFR-760.zip
2542,M-299DM,GIS Data - Zip,maps/m-299/m-299.zip
2543,M-299DM,Lithologic Column,lithcolumns/UGS_M-299DM_KanarravilleQuad.jpg
2544,M-299DM,Cross Section,xsections/UGS_M-299DM_KanarravilleQuad.jpg
2545,M-292DM,Lithologic Column,lithcolumns/UGS_M-292DM_LoaWestQuad.jpg
2546,M-292DM,Cross Section,xsections/UGS_M-292DM_LoaWestQuad.jpg
2547,M-292DM,GIS Data - Zip,maps/m-292/m-292.zip
2548,M-292DM,Table 1 - Excel,maps/m-292/m-292-1.xlsx
2549,M-292DM,Table 2 - Excel,maps/m-292/m-292-2.xlsx
2550,M-292DM,Table 3 - Excel,maps/m-292/m-292-3.xlsx
2551,M-292DM,Table 4 - Excel,maps/m-292/m-292-4.xlsx
2552,M-301DR,Lithologic Column,lithcolumns/M-301DR_GoldHill_lithcolumn.jpg
2553,M-301DR,Cross Section,xsections/M-301DR_GoldHill_xsection.jpg 
2554,M-301DR,GIS Data - Zip,maps/m-301/m-301.zip
2555,OF-52-1226,GeoTiff - Zip,geotifs/24k/OF-52-1126.zip
2556,HD-6,GeoTiff - Zip,geotifs/24k/HD-6_TheFryingPan.zip
2557,HD-7,GeoTiff - Zip,geotifs/24k/HD-7_IrelandMesa.zip
2558,HD-8,GeoTiff - Zip,geotifs/24k/HD-8_TwinKnolls.zip
2559,OFR-753DR,GIS Data - Zip,open_file_reports/ofr-753/ofr-753.zip
2560,OFR-753DR,Lithologic Column,lithcolumns/UGS_OFR-753DR_JarvisPeak_lithcolumn.jpg
2561,OFR-753DR,Cross Section,xsections/UGS_OFR-753DR_JarvisPeak_xsection.jpg 
2562,M-179DM,Cross Section,xsections/M-179DM_UtahState_500k.jpg 
2563,OFR-761,Cross Section,xsections/UGS_OFR-761_MidvaleQuad_xsection.jpg
2564,OFR-761,GIS Data - Zip,open_file_reports/ofr-761/ofr-761.zip
2565,M-302DM,Cross Section,xsections/UGS_M-302dm_CedarCityQuad_xsection.jpg
2566,M-302DM,Lithologic Column,lithcolumns/UGS_M-302dm_CedarCityQuad_lithcolumn.jpg
2567,M-302DM,GIS Data - Zip,maps/m-302/m-302.zip
2568,OFR-763,GIS Data - Zip,open_file_reports/ofr-763/ofr-763.zip
2569,OFR-763,Cross Section,xsections/UGS_OFR-763_KamasQuad_xsection.jpg
2570,OFR-763,Lithologic Column,lithcolumns/UGS_OFR-763_KamasQuad_lithcolumn.jpg
2571,OFR-762,GIS Data - Zip,open_file_reports/ofr-762/ofr-762.zip
2572,OFR-762,Cross Section,xsections/UGS_OFR-762_VernalNE_xsection.jpg
2573,OFR-762,Lithologic Column,lithcolumns/UGS_OFR-762_VernalNE_lithcolumn.jpg
2574,OFR-764,GIS Data - Zip,/open_file_reports/ofr-764/ofr-764.zip
2575,OFR-764,Cross Section,xsections/UGS_OFR-764_ParowanQuad_xsection.jpg
2576,OFR-764,Lithologic Column,lithcolumns/UGS_OFR-764_ParowanQuad_lithcolumn.jpg
2577,RI-285,Appendix A - Excel,reports_of_investigations/ri-285/ri-285a.xlsx
2578,OFR-766,GIS Data - Zip,open_file_reports/ofr-766/ofr-766.zip
2579,OFR-766,Lithologic Column,lithcolumns/UGS_OFR-766_OgdenBay_lithcolumn.jpg
2580,OFR-766,Cross Section,xsections/UGS_OFR-766_OgdenBay_xsection.jpg
2581,OFR-765,GIS Data - Zip,open_file_reports/ofr-765/ofr-765.zip
2582,OFR-765,Lithologic Column,lithcolumns/UGS_OFR-765_PlainCitySW_lithcolumn.jpg
2583,OFR-765,Cross Section,xsections/UGS_OFR-765_PlainCitySW_xsection.jpg
2584,OFR-767,GIS Data - Zip,open_file_reports/ofr-767/ofr-767.zip
2585,OFR-767,Lithologic Column,lithcolumns/UGS_OFR-767_FortDouglas_lithcolumn.jpg
2586,OFR-767,Cross Section,xsections/UGS_OFR-767_FortDouglas_xsection.jpg
2587,HD-9,GeoTiff - Zip,geotifs/24k/HD-9_SanRafaelKnob.zip
2588,HD-10,GeoTiff - Zip,geotifs/24k/HD-10_CopperGlobe.zip
2589,HD-11,GeoTiff - Zip,geotifs/24k/HD-11_SidandCharley.zip
2590,HD-12,GeoTiff - Zip,geotifs/24k/HD-12_TheWickiup.zip
2591,HD-13,GeoTiff - Zip,geotifs/24k/HD-13_SpottedWolfCanyon.zip
2592,HD-14,GeoTiff - Zip,geotifs/24k/HD-14_JessiesTwist.zip
2593,HD-15,GeoTiff - Zip,geotifs/24k/HD-15_GreenRiver.zip
2594,HD-16,GeoTiff - Zip,geotifs/24k/HD-16_HorseBenchEast.zip
2595,HD-17,GeoTiff - Zip,geotifs/24k/HD-17_EmeryWest.zip
2596,DS-1,Appendix A - PDF,data_series/ds-1/ds-1a.pdf
2597,DS-1,Data - Zip,data_series/ds-1/ds-1.zip
2598,RI-286,GIS Data - Zip,reports_of_investigations/ri-286/ri-286.zip
2599,RI-286,Geologic Hazards Portal,https://geology.utah.gov/apps/hazards
2600,RI-287,GIS Data - Zip,reports_of_investigations/ri-287/ri-287.zip
2601,OFR-768DM,GIS Data - Zip,open_file_reports/ofr-768/ofr-768.zip
2602,OFR-768DM,Cross Section,xsections/UGS_OFR-768DM_SLCNQuad_xsection.jpg 
2603,OFR-768DM,Lithologic Column,lithcolumns/UGS_OFR-768DM_SLCNQuad_lithcolumn.jpg
2604,M-300DM,GIS Data - Zip,maps/m-300/m-300.zip
2605,M-300DM,Appendix A,maps/m-300/m-300a.pdf
2606,M-300DM,Appendix B,maps/m-300/m-300b.pdf
2607,DS-2,Data - Zip,data_series/ds-2/ds-2.zip
2608,DS-2,Appendix - Zip,data_series/ds-2/ds-2a.zip
2609,M-300DM,Cross Section,xsections/M-300DM_DuchesneQuad.jpg
2610,M-300DM,Lithologic Column,lithcolumns/M-300DM_DuchesneQuad.jpg
2611,OFR-770DM,GIS Data - Zip,open_file_reports/ofr-770/ofr-770.zip
2612,OFR-771DM,GIS Data - Zip,open_file_reports/ofr-771/ofr-771.zip
2613,OFR-772DM,GIS Data - Zip,open_file_reports/ofr-772/ofr-772.zip
2614,RI-280,GIS Data - Zip,reports_of_investigations/ri-280/ri-280.zip
2615,SS-175,Appendix A - Zip,special_studies/ss-175/ss-175-a.zip
2616,SS-175,Appendix B - Zip,special_studies/ss-175/ss-175-b.zip
2617,SS-175,Appendix C - Zip,special_studies/ss-175/ss-175-c.zip
2618,SS-175,Appendix D - Zip,special_studies/ss-175/ss-175-d.zip
2619,RI-272,GIS Data - Zip,reports_of_investigations/ri-272/ri-272.zip
2620,RI-285,GIS Data - Zip,reports_of_investigations/ri-285/ri-285.zip
2621,SS-126,GIS Data - Zip,special_studies/ss-126/ss-126.zip
2622,SS-139,GIS Data - Zip,special_studies/ss-139/ss-139.zip
2623,SS-145,GIS Data - Zip,special_studies/ss-145/ss-145.zip
2624,SS-156,GIS Data - Zip,special_studies/ss-156/ss-156.zip
2625,SS-165,GIS Data - Zip,special_studies/ss-165/ss-165.zip
2626,SS-170,GIS Data - Zip,special_studies/ss-170/ss-170.zip
2627,SS-171,GIS Data - Zip,special_studies/ss-171/ss-171.zip
2628,SS-172,GIS Data - Zip,special_studies/ss-172/ss-172.zip
2629,SS-173,GIS Data - Zip,special_studies/ss-173/ss-173.zip
2630,SS-174,GIS Data - Zip,special_studies/ss-174/ss-174.zip
2631,OFR-770DM,Lithologic Column,lithcolumns/OFR-770DM_Francis_lithcolumn.jpg
2632,OFR-770DM,Cross Section,xsections/OFR-770DM_Francis_xsection.jpg 
2633,OFR-770DM,GeoTiff - Zip,geotifs/24k/OFR-770DM_Francis_Plate1_GeoTiff.zip
2634,OFR-771DM,Lithologic Column,lithcolumns/OFR-771DM_BlandingNorth_lithcolumn.jpg
2635,OFR-771DM,Cross Section,xsections/OFR-771DM_BlandingNorth_xsection.jpg 
2636,OFR-771DM,GeoTiff - Zip,geotifs/24k/OFR-771DM_BlandingNorth_Plate1_geotiff.zip
2637,OFR-772DM,Lithologic Column,lithcolumns/OFR-772DM_Huntsville_lithcolumn.jpg
2638,OFR-772DM,Cross Section,xsections/OFR-772DM_Huntsville_xsection.jpg 
2639,OFR-772DM,GeoTiff - Zip,geotifs/24k/OFR-772DM_Huntsville.zip
2640,M-203dm,GIS Data - Zip,maps/m-203/m-203.zip
2641,RI-290,Appendix A - Excel,reports_of_investigations/ri-290/ri-290a.xlsx
2642,RI-290,Appendix B - PDF,reports_of_investigations/ri-290/ri-290b.pdf
2643,RI-290,Appendix C - Excel,reports_of_investigations/ri-290/ri-290c.xlsx
2644,RI-290,Appendix D - PDF,reports_of_investigations/ri-290/ri-290d.pdf
2645,RI-291,Appendix A - PDF,reports_of_investigations/ri-291/ri-291a.pdf
2646,RI-291,Appendix B - PDF,reports_of_investigations/ri-291/ri-291b.pdf
2647,RI-291,Appendix C - PDF,reports_of_investigations/ri-291/ri-291c.pdf
2648,RI-291,Appendix D - PDF,reports_of_investigations/ri-291/ri-291d.pdf
2649,RI-291,Appendix E - HTML,reports_of_investigations/ri-291/ri-291e.html
2650,RI-291,Appendix F - PDF,reports_of_investigations/ri-291/ri-291f.pdf
2651,RI-291,GIS Data - Zip,reports_of_investigations/ri-291/ri-291.zip
2652,OFR-773,GeoTiff - Zip,geotifs/100k/Wildcat.zip
2653,OFR-773,Lithologic Column,lithcolumns/OFR-773_WildcatMountain30x60_Plate2_lithcolumn.jpg
2654,RI-293,GIS Data - Zip,reports_of_investigations/ri-293/ri-293.zip
2655,DS-3,Appendix A - Excel,data_series/ds-3/ds-3a.xlsx
2656,DS-4,Appendix A - Zip,data_series/ds-4/ds-4a.zip
2657,RI-292,Appendix B - PDF,reports_of_investigations/ri-292/ri-292b.pdf
2658,SS-177,GIS Data - Zip,special_studies/ss-177/ss-177.zip
2659,SS-177,Geologic Hazards Portal,https://geology.utah.gov/apps/hazards
2660,SS-178,Geologic Hazards Portal,https://geology.utah.gov/apps/hazards
2661,SS-178,GIS Data - Zip,special_studies/ss-178/ss-178.zip
2662,SS-178,Plate 1A - Rockfall - PDF,special_studies/ss-178/ss-178-1a.pdf
2663,SS-178,Plate 1B - Detailed Rockfall - PDF,special_studies/ss-178/ss-178-1b.pdf
2664,SS-178,Plate 2 - Landslide - PDF,special_studies/ss-178/ss-178-2.pdf
2665,SS-178,Plate 3 - Flood and Debris Flow - PDF,special_studies/ss-178/ss-178-3.pdf
2666,SS-178,Plate 4 - Shallow Groundwater - PDF ,special_studies/ss-178/ss-178-4.pdf
2667,SS-178,Plate 5 - Surface Fault Rupture - PDF ,special_studies/ss-178/ss-178-5.pdf
2668,SS-178,Plate 6 - Liquefaction - PDF,special_studies/ss-178/ss-178-6.pdf
2669,SS-178,Plate 7 - Collapsible Soil - PDF,special_studies/ss-178/ss-178-7.pdf
2670,SS-178,Plate 8 - Piping and Erosion - PDF ,special_studies/ss-178/ss-178-8.pdf
2671,SS-178,Plate 9 - Wind-Blown Sand - PDF ,special_studies/ss-178/ss-178-9.pdf
2672,SS-178,Plate 10 - Soluble Rock - PDF,special_studies/ss-178/ss-178-10.pdf
2673,SS-178,Plate 11 - Corrosive Soil and Rock - PDF,special_studies/ss-178/ss-178-11.pdf
2674,SS-178,Plate 12 - Expansive Soil and Rock - PDF ,special_studies/ss-178/ss-178-12.pdf
2675,SS-178,Plate 13 - Shallow Bedrock - PDF ,special_studies/ss-178/ss-178-13.pdf
2676,SS-178,Plate 14 - Geologic Radon - PDF,special_studies/ss-178/ss-178-14.pdf
2677,DS-5,Data - Zip,data_series/ds-5/ds-5.zip
2678,DS-6,GIS Data - Zip,data_series/ds-6/ds-6.zip
2679,DS-6,Dataset - Zip,data_series/ds-6/ds-6x.zip
2680,DS-6,Appendix A - Zip,data_series/ds-6/ds-6a.zip
2681,DS-6,Appendix B - Zip,data_series/ds-6/ds-6b.zip
2682,DS-6,Appendix C - Zip,data_series/ds-6/ds-6c.zip
2683,DS-7,GIS Data - Zip,data_series/ds-7/ds-7.zip
2684,OFR-776,GIS Data - Zip,open_file_reports/ofr-776/ofr-776.zip
2685,RI-294,Appendix A - Excel,reports_of_investigations/ri-294/ri-294a.xlsx
2686,OFR-774DM,GIS Data - Zip,open_file_reports/ofr-774/ofr-774.zip
2687,OFR-775DM,GIS Data - Zip,open_file_reports/ofr-775/ofr-775.zip
2688,OFR-775DM,Table 1 - Excel,open_file_reports/ofr-775/ofr-775.xlsx
2689,OFR-780DM,GIS Data - Zip,open_file_reports/ofr-780/ofr-780.zip
