{"type": "FeatureCollection", "features": [{"type": "Feature", "properties": {"county": "Cache", "fips": 5}, "geometry": {"type": "Polygon", "coordinates": [[[-112.166119407496, 41.996012971329], [-111.507797616965, 41.9995602395852], [-111.507758276146, 41.9875779781264], [-111.498022960324, 41.9855400886672], [-111.494047232472, 41.9795498244514], [-111.484510606923, 41.9754789245854], [-111.483366261049, 41.9638110889375], [-111.476089808433, 41.9581987979416], [-111.477656729003, 41.9539231117367], [-111.473248472224, 41.9469971907634], [-111.476834288123, 41.9358509409786], [-111.47150081511, 41.9282343482474], [-111.478464477039, 41.9126778884417], [-111.491331814913, 41.9104799409933], [-111.503464107204, 41.9138229403199], [-111.511632409031, 41.9083782710753], [-111.51187624324, 41.9049410993925], [-111.500430650101, 41.8982859966994], [-111.503072940305, 41.8878049484377], [-111.494083201915, 41.8873071720806], [-111.4921741409, 41.8837216514378], [-111.494412049987, 41.8736775377087], [-111.502419340477, 41.868226077186], [-111.509369622899, 41.8686728245264], [-111.50197669113, 41.8609324698201], [-111.507789096445, 41.8524314682216], [-111.460799191418, 41.8178674919442], [-111.462001158828, 41.8125530805068], [-111.453866367755, 41.8037181780113], [-111.4508447756, 41.7925389351477], [-111.454347411996, 41.7883143791442], [-111.454658662971, 41.7795628700476], [-111.451511850157, 41.7786880920882], [-111.449539438153, 41.7719405839857], [-111.44328423886, 41.7712623433718], [-111.445415807181, 41.7602394314341], [-111.441100310437, 41.752617224922], [-111.445213499392, 41.7448913407815], [-111.440614404514, 41.7415404352264], [-111.441993462205, 41.7357030743006], [-111.428814582302, 41.7267504529968], [-111.420071351507, 41.7245625042503], [-111.41753741789, 41.7203699373166], [-111.417045336947, 41.7121302393077], [-111.421196104227, 41.7062424728347], [-111.419830844658, 41.6968440454834], [-111.426864887793, 41.6946654332956], [-111.423943680575, 41.6917714492989], [-111.426801211612, 41.6777592802377], [-111.423180665047, 41.6743589587453], [-111.414670801292, 41.6755744170784], [-111.414407038856, 41.6672302361894], [-111.406056442807, 41.6659494982061], [-111.401535423205, 41.6545938199955], [-111.416508397732, 41.6391427378394], [-111.410699065553, 41.6271795359187], [-111.417403491657, 41.6224806352912], [-111.422803454375, 41.6240371670683], [-111.429866547229, 41.6183994657337], [-111.426538263051, 41.6105980776258], [-111.429222902532, 41.5901100639724], [-111.427178088112, 41.5811374108687], [-111.43045365915, 41.5767071135488], [-111.429416932345, 41.5668795098626], [-111.433461745134, 41.5529615194679], [-111.44511225926, 41.5443870558049], [-111.4422688704, 41.5326749450786], [-111.452822822737, 41.5299631866816], [-111.45888923119, 41.5318081694612], [-111.456766276815, 41.5205573971745], [-111.464595544573, 41.5151080898443], [-111.466712479337, 41.5095104275085], [-111.478197913656, 41.503761558334], [-111.474702282323, 41.5000875035092], [-111.478031198018, 41.4973850013738], [-111.475059083273, 41.4948076811091], [-111.475588731761, 41.4885993736708], [-111.481538554162, 41.4767523495282], [-111.490502104865, 41.4726115806373], [-111.489897926751, 41.4663314506692], [-111.500768894552, 41.4644561233259], [-111.503549979857, 41.4594178140965], [-111.502900984793, 41.4490305202782], [-111.505990848909, 41.4437791131631], [-111.500754584389, 41.4376859283052], [-111.510666177518, 41.4278286714659], [-111.510844776071, 41.4231304529582], [-111.517564781657, 41.4216772293462], [-111.521420900626, 41.4160391155993], [-111.531807221941, 41.4145638823263], [-111.541534191515, 41.4050695956735], [-111.551369877002, 41.4137241713972], [-111.554249878498, 41.4238483087117], [-111.564356254228, 41.42315514026], [-111.575033942309, 41.428916618226], [-111.584047042286, 41.4183459332923], [-111.598541881317, 41.421351111004], [-111.608983944892, 41.4188958106679], [-111.618578158739, 41.4223809770347], [-111.640107393942, 41.4145167492707], [-111.64389492564, 41.4060780836656], [-111.647734928832, 41.4054305062215], [-111.652556064791, 41.4077902589895], [-111.66666856826, 41.4287914225188], [-111.679193495298, 41.4272049041013], [-111.689651176084, 41.4185090079605], [-111.696007805951, 41.4170646581147], [-111.70741679903, 41.4252783633114], [-111.711875710012, 41.4231791377903], [-111.721465756574, 41.4273574194692], [-111.722883869421, 41.423033933938], [-111.717834659296, 41.4160532161826], [-111.706721405982, 41.4130189326455], [-111.706543205383, 41.4048547176197], [-111.7123111396, 41.3995047168495], [-111.711578280516, 41.3953793000573], [-111.716172280151, 41.3948869099157], [-111.726324772692, 41.3855725318711], [-111.725798001508, 41.3762755608695], [-111.746340263997, 41.3697803214631], [-111.766532948889, 41.3700123916128], [-111.771611796232, 41.3759279350936], [-111.789224734326, 41.38457731816], [-111.792908005756, 41.3914337422875], [-111.813606025335, 41.3879970030078], [-111.827856952901, 41.3926963555634], [-111.829526471857, 41.3894731555788], [-111.836737234269, 41.3879437135893], [-111.842736649064, 41.3922010128853], [-111.861048451296, 41.3961953713304], [-111.862941987626, 41.3996265486034], [-111.868587575793, 41.3986653045339], [-111.879996267936, 41.4139138267383], [-111.872383753776, 41.4217722549678], [-111.885537669497, 41.4263511228759], [-111.881549436198, 41.4411674403017], [-111.891933689591, 41.4420376764924], [-111.901062550968, 41.4490553579828], [-111.900350967584, 41.4538708771682], [-111.916765740836, 41.4606859148821], [-111.913192755574, 41.469735213792], [-111.906088360878, 41.4721107929616], [-111.894814221991, 41.4695950244592], [-111.87851640849, 41.4741036427148], [-111.877616006419, 41.482820630716], [-111.873215776985, 41.4851780182183], [-111.875681190706, 41.4899106477942], [-111.884385254056, 41.4961536846218], [-111.905181210663, 41.4968565943368], [-111.909266838407, 41.5075790957585], [-111.905640639642, 41.5147820220729], [-111.911950677489, 41.5185737650076], [-111.916364094191, 41.5384123202849], [-111.927436883792, 41.5372660954909], [-111.933347505511, 41.5414696927049], [-111.936876983567, 41.5509346159932], [-111.946618688207, 41.5529445041998], [-111.962264605087, 41.5434921528821], [-111.973042217268, 41.5434464911366], [-111.977601316455, 41.5353013107482], [-111.981844887789, 41.5341077250802], [-111.996670323014, 41.5577187014095], [-111.994119082454, 41.5661309876574], [-111.998970348806, 41.5719661246629], [-112.007732868227, 41.5997757970954], [-112.003691007302, 41.6095838870328], [-112.007718504165, 41.6235276783673], [-112.004539353798, 41.6294506468225], [-112.013264329929, 41.635791609016], [-112.015888058244, 41.6583626488584], [-112.027529108618, 41.6717651969197], [-112.030915450015, 41.6818452337075], [-112.045083923018, 41.686855746956], [-112.051881280737, 41.6999123858731], [-112.050328540972, 41.7060423146071], [-112.0428033736, 41.7104386934442], [-112.04548364098, 41.7185836355419], [-112.043986423388, 41.7352600605338], [-112.033510197781, 41.7504683587832], [-112.033185076818, 41.7668302095318], [-112.026563091803, 41.772282253489], [-112.02638238131, 41.7764180163896], [-112.014107883015, 41.7809133661304], [-112.008707693023, 41.7949080083354], [-112.018199394723, 41.8045741522361], [-112.029729522923, 41.8085064179023], [-112.028506773888, 41.8201172270934], [-112.034823298469, 41.8239307070399], [-112.046166162069, 41.8420423283385], [-112.046509960803, 41.8509432616326], [-112.052704112385, 41.8660674818799], [-112.063994300572, 41.8679584167527], [-112.064016106277, 41.8758120552441], [-112.085467723447, 41.9032617473663], [-112.105166211864, 41.9108690780273], [-112.122125883405, 41.9284521007192], [-112.125013570887, 41.9428118545671], [-112.134191245818, 41.9589873908011], [-112.137530356492, 41.9638178820688], [-112.142664222951, 41.9634966990907], [-112.150720877663, 41.9702881997233], [-112.154496270427, 41.9862053185818], [-112.166119407496, 41.996012971329]]]}}, {"type": "Feature", "properties": {"county": "Duchesne", "fips": 13}, "geometry": {"type": "Polygon", "coordinates": [[[-110.261577084412, 40.8348116055408], [-110.238524325351, 40.8282072334087], [-110.229397922663, 40.8308131151781], [-110.225795579559, 40.8264694745007], [-110.214180441089, 40.8273953772398], [-110.202305720044, 40.8217512015931], [-110.188108249424, 40.8263770584834], [-110.184764313, 40.8215069669522], [-110.175320459165, 40.8175752490801], [-110.158806740077, 40.8210224425992], [-110.139512577081, 40.8109988573011], [-110.126756326672, 40.8149747993661], [-110.123330330943, 40.8117688596762], [-110.102876416864, 40.807913686777], [-110.074705314232, 40.8101684959897], [-110.064760552609, 40.814205128583], [-110.052041485266, 40.8122996504472], [-110.042708499707, 40.8206769166265], [-110.035812536614, 40.8182548002099], [-110.025172972136, 40.820503050653], [-110.012995074174, 40.8136837959103], [-109.993704156791, 40.8152467434863], [-109.987702343495, 40.8075867032348], [-109.976413004215, 40.8096917935798], [-109.976756078907, 39.8062362216733], [-110.518201489504, 39.8067184454508], [-110.518206453594, 39.8116472305166], [-110.857790842012, 39.8132907906124], [-110.85765798208, 39.8997133236376], [-110.891665997864, 39.89966024941], [-110.891800091183, 40.0824070869086], [-110.896281625337, 40.0823899231957], [-110.896603924692, 40.4312861909573], [-110.902899354135, 40.4312864248113], [-110.900658971088, 40.6838009840782], [-110.905016887177, 40.6941917125474], [-110.902838888533, 40.706549847], [-110.89619955166, 40.7130123093386], [-110.885165641144, 40.716335073588], [-110.894406765881, 40.7237129937932], [-110.891991583256, 40.727129548941], [-110.877222643079, 40.7284120320533], [-110.862558555161, 40.7216254892141], [-110.847488847349, 40.7252730906019], [-110.831586766884, 40.7178863968159], [-110.823417754489, 40.7104825667094], [-110.806421190038, 40.7116048243211], [-110.794823023438, 40.7180205929745], [-110.783005492738, 40.7311345128913], [-110.774329999407, 40.7314142624683], [-110.765231814598, 40.7370400324059], [-110.766360658246, 40.7413934949905], [-110.757864932176, 40.7423399084506], [-110.750744177362, 40.7477119094939], [-110.743007626522, 40.7447311050313], [-110.721667301633, 40.7454788784981], [-110.713195953145, 40.7528902474945], [-110.689634753922, 40.7412180866624], [-110.65649369593, 40.7402810057168], [-110.633751417089, 40.7654396660313], [-110.62521512939, 40.7695652132851], [-110.607033884708, 40.7572710851407], [-110.595474926875, 40.7576365355569], [-110.58318737516, 40.7627231989741], [-110.575887272598, 40.7564761777705], [-110.562017107643, 40.7579017814574], [-110.551400170828, 40.7652390227069], [-110.547042667964, 40.7737395954632], [-110.533527446242, 40.7710867881546], [-110.523523833289, 40.7615103577819], [-110.497819746075, 40.7686532608572], [-110.487125383466, 40.7802948087232], [-110.472627212584, 40.7718515246403], [-110.461794256995, 40.7758283259499], [-110.457206138631, 40.7832163485631], [-110.432793585351, 40.778283880657], [-110.424314046025, 40.7920113062729], [-110.411012178675, 40.7843050558637], [-110.400491541258, 40.7852102828526], [-110.39597986144, 40.7887045738229], [-110.373856241556, 40.78816865107], [-110.352311407108, 40.8031200086031], [-110.348856917716, 40.8090551560825], [-110.351313655508, 40.8154920189302], [-110.342490242888, 40.8234595796587], [-110.327012933499, 40.8195237347724], [-110.301786193959, 40.8262022054982], [-110.294120972945, 40.8333082347521], [-110.285886017921, 40.8281371768785], [-110.261577084412, 40.8348116055408]]]}}, {"type": "Feature", "properties": {"county": "Davis", "fips": 11}, "geometry": {"type": "Polygon", "coordinates": [[[-111.942885358158, 40.830500549627], [-111.953770113302, 40.8486282206214], [-111.962040159216, 40.8474231823943], [-111.96551350694, 40.8518148824406], [-111.967036323824, 40.858072099446], [-111.963698532774, 40.8702524830306], [-111.969676572157, 40.8715866895157], [-111.971980502027, 40.876107986431], [-111.966159004863, 40.8916588070518], [-111.959277879243, 40.896333593267], [-111.958683511631, 40.9218281382797], [-112.006550785924, 40.9218661344894], [-112.148282378366, 40.8461388972757], [-112.260169087614, 40.7691251690553], [-112.493529235194, 41.0768895948437], [-112.186705007409, 41.1530343100102], [-111.986810497998, 41.1543868784267], [-111.963459335668, 41.1499517489733], [-111.957526028794, 41.1459340541614], [-111.956202772651, 41.1406380272553], [-111.949500794456, 41.1380793870918], [-111.920921665344, 41.1386764149443], [-111.910766890184, 41.134581282055], [-111.856259160614, 41.1390886611724], [-111.857040943745, 41.1369029353373], [-111.848927159774, 41.1336886491756], [-111.84452509598, 41.1216323974217], [-111.85602437244, 41.1123189087239], [-111.853948180765, 41.1084428932978], [-111.856515200233, 41.1028884598359], [-111.85152737289, 41.097507155197], [-111.855140988054, 41.0924269259965], [-111.850844625426, 41.0879682663957], [-111.852002185518, 41.0826450121865], [-111.848322797505, 41.0756459378091], [-111.851807676005, 41.0666572758376], [-111.844353012908, 41.0593751220065], [-111.844171846969, 41.0498594778692], [-111.838776931885, 41.0448138357326], [-111.839537971119, 41.0405655111495], [-111.833557396691, 41.037100285661], [-111.839490043304, 41.031174969748], [-111.83826084167, 41.0229865772866], [-111.82550719368, 41.0183719122821], [-111.820647567606, 41.0067816741294], [-111.806256727434, 41.0018206763316], [-111.804184288921, 40.994979977025], [-111.793426342658, 40.9863121385527], [-111.774933646677, 40.9597962876681], [-111.782545019079, 40.9568037022216], [-111.794109798892, 40.9610305386089], [-111.808649491703, 40.9571820721377], [-111.814346511115, 40.9600290925283], [-111.815425664453, 40.9574361175776], [-111.791059051915, 40.9279508643629], [-111.793643831975, 40.9156638814075], [-111.782141059272, 40.9119905371533], [-111.776081314521, 40.9004963923877], [-111.781461295113, 40.8956045970849], [-111.774760348184, 40.8956498102583], [-111.770410332777, 40.8879498392609], [-111.762156242739, 40.8876758741783], [-111.768678233586, 40.8722328853195], [-111.746477921831, 40.8709598900467], [-111.738916547861, 40.8611714684299], [-111.747274365467, 40.8599960888147], [-111.75230408754, 40.8530810113487], [-111.760157374451, 40.8530250238503], [-111.778542543889, 40.844583185199], [-111.789236231863, 40.8455599883774], [-111.804398476929, 40.838356670748], [-111.812627730346, 40.8400961617029], [-111.821779005588, 40.8343380510463], [-111.835705927899, 40.8307688806769], [-111.844073912637, 40.8322357791234], [-111.853666545449, 40.8292861197773], [-111.858268830245, 40.8242847626661], [-111.870514204261, 40.8217472383744], [-111.946301304434, 40.8217967425611], [-111.942885358158, 40.830500549627]]]}}, {"type": "Feature", "properties": {"county": "Millard", "fips": 27}, "geometry": {"type": "Polygon", "coordinates": [[[-113.815754655478, 39.5526495363984], [-112.212056661283, 39.5539934964362], [-112.212041225532, 39.5477361308015], [-112.207365107304, 39.5477025424563], [-112.202678130241, 39.5404404082815], [-112.193303643414, 39.5404570289458], [-112.193253955799, 39.5260295770364], [-112.211985392542, 39.5260480484287], [-112.21197271911, 39.5115851530801], [-112.207297404874, 39.511572084992], [-112.207312519029, 39.5043406246824], [-112.202644691353, 39.5043289109726], [-112.202638227974, 39.489864086584], [-112.193289388049, 39.4898404920593], [-112.193608290873, 39.3730959897111], [-112.188918644017, 39.3730955279178], [-112.188924174046, 39.3294078656574], [-112.07211974737, 39.3297012003437], [-112.072229919451, 39.3149287498829], [-112.016014008335, 39.314566631595], [-112.014028230297, 39.0242880910652], [-112.019045118139, 39.0242131014694], [-112.018917747812, 38.9959077323298], [-112.05639806119, 38.9956861149677], [-112.056413699062, 38.9883735075498], [-112.0656720993, 38.9884360108873], [-112.065173749014, 38.9593078623025], [-112.133873048171, 38.9593078427438], [-112.134042895337, 38.9354586775743], [-112.151939928334, 38.9354785041443], [-112.150771492339, 38.9065148595016], [-112.1693622574, 38.9061377342816], [-112.171565716096, 38.8786213577424], [-112.188481024337, 38.879453170835], [-112.18855280422, 38.8647925765156], [-112.224472569676, 38.8648090290759], [-112.224647985498, 38.8375197287999], [-112.22844907996, 38.8375137846574], [-112.228392346858, 38.7639932124207], [-112.219129765862, 38.7639927045982], [-112.21836769626, 38.7273665405038], [-112.23665174055, 38.727109842468], [-112.236733783685, 38.7198645905485], [-112.241373477923, 38.7197909941374], [-112.241481464403, 38.712529867354], [-112.255370935052, 38.7123116207188], [-112.255449269043, 38.7050530520783], [-112.273308162268, 38.7050049107079], [-112.273266258555, 38.7013584832704], [-112.282361662179, 38.7015324824582], [-112.282271588106, 38.686880411737], [-112.291327720979, 38.6869665654662], [-112.291340859738, 38.6833035807947], [-112.309951256581, 38.6834158514283], [-112.309964108778, 38.6762955837122], [-112.356648606371, 38.6767462569363], [-112.356550137541, 38.6838605544177], [-112.365975051296, 38.6842233857143], [-112.447528096817, 38.6812760930734], [-112.447678032825, 38.6739284695006], [-112.466012407923, 38.6739231723695], [-112.466167263105, 38.6592729518056], [-112.475352244034, 38.6592630540402], [-112.475196644149, 38.6446807863176], [-112.484455665123, 38.6446524017947], [-112.484799740538, 38.6006380888086], [-112.503085093673, 38.600574206848], [-112.503152288555, 38.5713819488958], [-114.049988151465, 38.572978554985], [-114.047661362166, 39.5427530746361], [-113.815777629892, 39.5440960168808], [-113.815754655478, 39.5526495363984]]]}}, {"type": "Feature", "properties": {"county": "Wasatch", "fips": 51}, "geometry": {"type": "Polygon", "coordinates": [[[-111.412427590348, 40.6811071741673], [-111.392867995847, 40.6893687999295], [-111.394131496057, 40.6838646832437], [-111.389647828404, 40.6780107284697], [-111.390058160859, 40.6600954899642], [-111.376319437397, 40.642479414279], [-111.375474090375, 40.6330274533295], [-111.369832138588, 40.6295547534828], [-111.363241149043, 40.6308513164393], [-111.350381070455, 40.6250434389799], [-111.326440426449, 40.6230595806587], [-111.313520047549, 40.6159964308417], [-111.303242212178, 40.6058483992279], [-111.293649750944, 40.6079308032673], [-111.287412075088, 40.5982854084765], [-111.252353557732, 40.5815973124366], [-111.21231458371, 40.5739482098294], [-111.198130577938, 40.5657527804447], [-111.193445730781, 40.5674859266217], [-111.181714853369, 40.5587212792811], [-111.167590871227, 40.5576030009031], [-111.162236121617, 40.5510431327128], [-111.15152960031, 40.5483324655829], [-111.137070904097, 40.5583999907097], [-111.13323584613, 40.5752151120645], [-111.125893725769, 40.5819529923646], [-111.123271926137, 40.5891313975246], [-111.107208307922, 40.5940932968178], [-111.088468073977, 40.5921947828677], [-111.079117029586, 40.5945573873295], [-111.053626057792, 40.5810542008824], [-111.03203003644, 40.5758550630954], [-111.022732705015, 40.5789743464506], [-111.010753859348, 40.5920795119187], [-110.976097751307, 40.5929604087741], [-110.962211715816, 40.6053754248021], [-110.960710158462, 40.6242124151568], [-110.945002226387, 40.6463406511247], [-110.948834675646, 40.6613375300272], [-110.944442289402, 40.6726099647609], [-110.933969204306, 40.6803609806854], [-110.901961883983, 40.6821940384024], [-110.902899354135, 40.4312864248113], [-110.896603924692, 40.4312861909573], [-110.896281625337, 40.0823899231957], [-110.891800091183, 40.0824070869086], [-110.891665997864, 39.89966024941], [-111.083102107104, 39.9000588671213], [-111.082688052928, 39.9393157782391], [-111.131243179811, 39.9473933979828], [-111.120232989311, 39.9571044690567], [-111.119010699314, 39.9679130558842], [-111.129560114261, 39.9704965820917], [-111.13503400114, 39.9761530203922], [-111.134261732965, 39.9794830512839], [-111.143043462858, 39.9869552065311], [-111.15187526754, 39.9849663156458], [-111.159558189856, 39.9917935437635], [-111.167814010947, 39.9908322508374], [-111.17014960733, 39.9997665717223], [-111.167961403824, 40.003184476218], [-111.171664696905, 40.0106571722043], [-111.186629553357, 40.0201123199413], [-111.191402309648, 40.0296819064406], [-111.198076645783, 40.0315987763311], [-111.201240259787, 40.0372649570433], [-111.198674630013, 40.0417787553585], [-111.20386056103, 40.0492568275476], [-111.216881215271, 40.0405306960567], [-111.231834030705, 40.0357346949068], [-111.24591006437, 40.0468326887856], [-111.249160201408, 40.055659765068], [-111.235883337765, 40.0696345611407], [-111.240657844873, 40.0734223212227], [-111.23798997604, 40.0802121145293], [-111.242344165917, 40.0859602603172], [-111.241766474629, 40.0917636835129], [-111.237190433216, 40.0948499374874], [-111.236024145093, 40.1036232002158], [-111.229881516384, 40.1069691164965], [-111.221434315509, 40.1249687575515], [-111.225408728227, 40.1439262612917], [-111.231475443007, 40.1479550831333], [-111.225237336858, 40.1663198319819], [-111.248002748215, 40.1938333965652], [-111.258174648858, 40.1978969596976], [-111.256406909008, 40.2011488048424], [-111.263897234323, 40.2056727452808], [-111.263972320905, 40.2113980877579], [-111.271817292111, 40.2189748991377], [-111.273730665937, 40.2359180326783], [-111.267838889077, 40.2368543814237], [-111.264779314355, 40.2421049004874], [-111.276713656585, 40.2525188768365], [-111.278944328844, 40.2588381117232], [-111.289894581054, 40.2662033915578], [-111.294231633771, 40.2655753030435], [-111.294224228958, 40.2706520997397], [-111.297704094858, 40.2729721189414], [-111.307968021614, 40.2746029787253], [-111.30744916279, 40.2834019858533], [-111.314926894624, 40.2875892347493], [-111.321995790595, 40.2872454429384], [-111.328518704012, 40.2822764768918], [-111.337189465018, 40.2883823852182], [-111.360820930462, 40.288757066246], [-111.37726382817, 40.2975067214131], [-111.381512468697, 40.2945467455962], [-111.392529037236, 40.2962171583173], [-111.39693689696, 40.2924452385857], [-111.402499548168, 40.2960072210251], [-111.410316435344, 40.2951509069341], [-111.412731566765, 40.2894754616316], [-111.426439874171, 40.2870157583874], [-111.433659325987, 40.2919215221358], [-111.441811356629, 40.2899086330808], [-111.451592911434, 40.2932898990849], [-111.451971708531, 40.2971669223778], [-111.457372184186, 40.3006232853566], [-111.437887740945, 40.3216182079491], [-111.460132560629, 40.3432531373663], [-111.47393592147, 40.3497065591722], [-111.484097374706, 40.3611385887601], [-111.496384219447, 40.3519232583414], [-111.517567717352, 40.3579476450511], [-111.533348973513, 40.3550065221051], [-111.542650126372, 40.3591525258449], [-111.556177462773, 40.3557494645551], [-111.55567270211, 40.3667052408617], [-111.571719953919, 40.3931048813578], [-111.574167997816, 40.4101136514399], [-111.585407086237, 40.4177420400707], [-111.595072510434, 40.4324495407078], [-111.599974216291, 40.434784576256], [-111.610586963363, 40.4309226899922], [-111.61713589738, 40.4374870396565], [-111.615767373334, 40.4438592185176], [-111.62096327026, 40.449803505362], [-111.62033002985, 40.4553213218423], [-111.614802536006, 40.4576751764485], [-111.609032851871, 40.466557063261], [-111.59340002075, 40.4688365713095], [-111.574562642093, 40.4883280886546], [-111.57914306459, 40.5002511061943], [-111.575414253067, 40.503071515332], [-111.575374925722, 40.5164229541906], [-111.569784470757, 40.5260586678356], [-111.572631839154, 40.5374003137461], [-111.567755495433, 40.5472395607947], [-111.581632060884, 40.566345899596], [-111.591618054281, 40.5728175911699], [-111.591946750538, 40.5791473122684], [-111.56425230837, 40.5847506621742], [-111.554224756213, 40.6084950724786], [-111.540278677328, 40.6131808570335], [-111.501844628901, 40.6065345912903], [-111.489276400373, 40.5994445280881], [-111.482630291998, 40.6089407492907], [-111.486895372593, 40.6208504909563], [-111.480322035841, 40.6238768589906], [-111.474196556869, 40.6323985284095], [-111.47613979339, 40.6346202023134], [-111.473020088139, 40.6441417671588], [-111.46380666565, 40.6449629002855], [-111.460197919354, 40.6524951367117], [-111.448755702983, 40.6543509269524], [-111.445168933971, 40.6594682593123], [-111.435316883875, 40.6606949737653], [-111.430411563197, 40.6650105263951], [-111.436395577274, 40.6746409063927], [-111.436883122624, 40.6858864265744], [-111.412427590348, 40.6811071741673]]]}}, {"type": "Feature", "properties": {"county": "Box Elder", "fips": 3}, "geometry": {"type": "Polygon", "coordinates": [[[-113.872137867935, 41.9881951689625], [-112.703314563294, 42.0001279289144], [-112.173160193386, 42.0015213631783], [-112.159207254067, 41.9983902663122], [-112.166119407496, 41.996012971329], [-112.154496270427, 41.9862053185818], [-112.150720877663, 41.9702881997233], [-112.142664222951, 41.9634966990907], [-112.137530356492, 41.9638178820688], [-112.134191245818, 41.9589873908011], [-112.118375793488, 41.9233234074255], [-112.105166211864, 41.9108690780273], [-112.085467723447, 41.9032617473663], [-112.064016106277, 41.8758120552441], [-112.063994300572, 41.8679584167527], [-112.052704112385, 41.8660674818799], [-112.046509960803, 41.8509432616326], [-112.046166162069, 41.8420423283385], [-112.034823298469, 41.8239307070399], [-112.028506773888, 41.8201172270934], [-112.029729522923, 41.8085064179023], [-112.018199394723, 41.8045741522361], [-112.008707693023, 41.7949080083354], [-112.014107883015, 41.7809133661304], [-112.02638238131, 41.7764180163896], [-112.026563091803, 41.772282253489], [-112.033185076818, 41.7668302095318], [-112.033510197781, 41.7504683587832], [-112.043986423388, 41.7352600605338], [-112.04548364098, 41.7185836355419], [-112.0428033736, 41.7104386934442], [-112.050328540972, 41.7060423146071], [-112.051881280737, 41.6999123858731], [-112.045083923018, 41.686855746956], [-112.030915450015, 41.6818452337075], [-112.027529108618, 41.6717651969197], [-112.016006813727, 41.6586588316286], [-112.012754271002, 41.6480736342713], [-112.015443819776, 41.6411676096053], [-112.013264329929, 41.635791609016], [-112.004539353798, 41.6294506468225], [-112.007718504165, 41.6235276783673], [-112.003606730955, 41.6118895439629], [-112.007740335023, 41.6006413167761], [-112.006725957404, 41.5917367421874], [-111.994119082454, 41.5661309876574], [-111.996670323014, 41.5577187014095], [-111.992767635381, 41.5550187789876], [-111.983837054645, 41.5358381018461], [-111.977814964576, 41.5351598821106], [-111.974990539152, 41.5422545443892], [-111.961966580906, 41.5436072369581], [-111.952585872348, 41.551017216954], [-111.944020302265, 41.5531955507121], [-111.937299922979, 41.5511608529223], [-111.933347505511, 41.5414696927049], [-111.927436883792, 41.5372660954909], [-111.916364094191, 41.5384123202849], [-111.911950677489, 41.5185737650076], [-111.905640639642, 41.5147820220729], [-111.909266838407, 41.5075790957585], [-111.905181210663, 41.4968565943368], [-111.884385254056, 41.4961536846218], [-111.875681190706, 41.4899106477942], [-111.873215776985, 41.4851780182183], [-111.877616006419, 41.482820630716], [-111.87851640849, 41.4741036427148], [-111.895920123564, 41.4694612132665], [-111.906399203119, 41.4720723145267], [-111.913192755574, 41.469735213792], [-111.916969409573, 41.464093580548], [-111.916599798647, 41.4603809865623], [-111.900121082414, 41.4536970320014], [-111.901211620101, 41.4494460119174], [-111.897468877505, 41.4454264475413], [-111.891053068423, 41.441630160352], [-111.881549436198, 41.4411674403017], [-111.883691975643, 41.4279190971915], [-111.891314596748, 41.4230359102726], [-111.893024091632, 41.4181009877398], [-111.901430942879, 41.4194450892422], [-111.905508495667, 41.4149228578682], [-111.926366503402, 41.4125409708508], [-111.931887992906, 41.4162795048311], [-111.938308009696, 41.4158895445385], [-111.940557961598, 41.4204784728503], [-111.959067625856, 41.433719677346], [-111.963770958546, 41.4251908902287], [-111.97248446319, 41.420059901166], [-111.967620708459, 41.4096207715384], [-111.967459469848, 41.3955254761462], [-111.975811121418, 41.3844748531446], [-111.974966842493, 41.3771949620007], [-111.963192119211, 41.3653411829202], [-111.995988237608, 41.3495555773063], [-112.003169743689, 41.3494661767971], [-112.008397672741, 41.3438538400775], [-112.022148023996, 41.3438676447393], [-112.028488503053, 41.3365555984825], [-112.238157225338, 41.3365580185657], [-112.493529234295, 41.076889596198], [-112.799370868652, 40.9999446395689], [-114.042040951081, 40.9999022360642], [-114.039472197865, 41.7186564368248], [-114.041488998323, 41.99387888764], [-113.872137867935, 41.9881951689625]]]}}, {"type": "Feature", "properties": {"county": "Weber", "fips": 57}, "geometry": {"type": "Polygon", "coordinates": [[[-111.969290706216, 41.1521225304743], [-112.186705007409, 41.1530343100102], [-112.493529235194, 41.0768895948437], [-112.23815722444, 41.3365580205892], [-112.028488503053, 41.3365555971335], [-112.022148023098, 41.3438676467626], [-112.008397670944, 41.3438538400775], [-112.003169741892, 41.349466174774], [-111.995988235812, 41.3495555779807], [-111.963192119211, 41.365341182246], [-111.974966842493, 41.3771949613266], [-111.975811121418, 41.3844748544926], [-111.967459472543, 41.3955254761462], [-111.967620710255, 41.4096207695172], [-111.972484464986, 41.4200598998188], [-111.963770960342, 41.4251908895551], [-111.958782528433, 41.4338661739646], [-111.938308008798, 41.4158895445385], [-111.931887993804, 41.4162795034838], [-111.926366506097, 41.4125409701771], [-111.905508495667, 41.4149228592156], [-111.901430941981, 41.4194450885686], [-111.893024089836, 41.4181009877398], [-111.891314594053, 41.4230359102726], [-111.885537672192, 41.4263511228759], [-111.875676076597, 41.4236613235287], [-111.872269793499, 41.4213047305866], [-111.87999626614, 41.4139138267383], [-111.868442657775, 41.3985628118563], [-111.862941989422, 41.3996265492773], [-111.861048453991, 41.3961953706565], [-111.842736646369, 41.3922010142332], [-111.836737232473, 41.3879437129153], [-111.829526472755, 41.3894731562528], [-111.827856952003, 41.3926963575852], [-111.813606025335, 41.3879970009859], [-111.792908008451, 41.3914337436353], [-111.789224732529, 41.384577316812], [-111.780727609579, 41.3786182521495], [-111.760588230716, 41.3688223075565], [-111.726142520691, 41.3760707157399], [-111.726324769997, 41.3855725305232], [-111.710729338437, 41.3965104889883], [-111.712404477253, 41.399287959238], [-111.706543202688, 41.4048547169459], [-111.70672140688, 41.4130189306244], [-111.717834660195, 41.4160532161826], [-111.722883872116, 41.423033933938], [-111.721465755676, 41.4273574201427], [-111.711875710012, 41.4231791364431], [-111.70741679903, 41.4252783633114], [-111.696007807748, 41.4170646587884], [-111.689651175186, 41.4185090099814], [-111.679193493501, 41.4272049041013], [-111.666668570057, 41.4287914218452], [-111.652556067486, 41.4077902610108], [-111.647734928832, 41.4054305055477], [-111.643894927437, 41.4060780850131], [-111.640107393942, 41.4145167492707], [-111.618578161434, 41.4223809763611], [-111.608983944892, 41.4188958093206], [-111.598541882215, 41.421351111004], [-111.584047043185, 41.4183459346396], [-111.575033940512, 41.4289166175525], [-111.564356253329, 41.4231551409336], [-111.554249881193, 41.4238483093853], [-111.551369878799, 41.4137241707235], [-111.54153419421, 41.4050695949998], [-111.531807222839, 41.4145638809789], [-111.521420903321, 41.4160391149256], [-111.517564780759, 41.4216772293462], [-111.510844778766, 41.4231304536318], [-111.506394957836, 41.4179933089755], [-111.508214608632, 41.4142561650976], [-111.501541174405, 41.4123578350173], [-111.499416357823, 41.4083226846487], [-111.475449456959, 41.3998355027167], [-111.47744054404, 41.3842036024117], [-111.462702330738, 41.3795032888511], [-111.459839499641, 41.3737589025899], [-111.447833366748, 41.3728649527382], [-111.445867615751, 41.3669311557573], [-111.437214794101, 41.3666319766781], [-111.432592758047, 41.3620105106958], [-111.423807098024, 41.3650832756731], [-111.420462441151, 41.3609340181133], [-111.426311846276, 41.3430728356738], [-111.434421998358, 41.3422273149339], [-111.438165922239, 41.3381911980517], [-111.437499395655, 41.3234211264641], [-111.449372860854, 41.3159124998395], [-111.439088545037, 41.2949236533459], [-111.442851311081, 41.2923465352149], [-111.439997032843, 41.2897047002799], [-111.446133721891, 41.2850420874374], [-111.445148348178, 41.2779883200078], [-111.457941845434, 41.2735873912989], [-111.458093459494, 41.2679479196714], [-111.466742784901, 41.2620310941429], [-111.464292508691, 41.2582307067046], [-111.470979018796, 41.255983125664], [-111.471520154041, 41.2515580818395], [-111.478108071348, 41.250648146023], [-111.47734093974, 41.2452826770886], [-111.494567285157, 41.2411429448], [-111.491253089256, 41.2376170590716], [-111.496816830121, 41.2269585434124], [-111.506757485546, 41.2310597273831], [-111.526134648382, 41.228757795984], [-111.535567449346, 41.2361673844693], [-111.560136295111, 41.2402165988048], [-111.583396254186, 41.2383265590257], [-111.591270356858, 41.2407590382452], [-111.609130169959, 41.229280075259], [-111.606636493442, 41.2241227557878], [-111.611294744179, 41.2105908779647], [-111.622772095458, 41.2058002635284], [-111.624437505519, 41.200314473513], [-111.640935116018, 41.1988186137487], [-111.657276763712, 41.185979483722], [-111.66661758797, 41.187593151293], [-111.672438264972, 41.1830959184551], [-111.685151275874, 41.1804987860733], [-111.717145284961, 41.1864203490224], [-111.727672881626, 41.1970781483631], [-111.745222770563, 41.2034740747848], [-111.74858641872, 41.2144823210761], [-111.754780423876, 41.214730135282], [-111.764648249287, 41.2077740680909], [-111.764185996005, 41.2111010157754], [-111.773842317574, 41.2182112383523], [-111.789886688486, 41.2186202442707], [-111.793325086356, 41.2158762561706], [-111.806137218264, 41.2158863612132], [-111.817765456866, 41.2046482267277], [-111.828331542747, 41.2050095879753], [-111.839602856432, 41.1994151884347], [-111.858018743762, 41.197725607344], [-111.87290985841, 41.1879717515062], [-111.868832152011, 41.1807819256212], [-111.876607794837, 41.1697505750469], [-111.870477756915, 41.1609883021166], [-111.854642694363, 41.1545401607551], [-111.856928065938, 41.1388494821187], [-111.910766890184, 41.134581282055], [-111.920921665344, 41.1386764149443], [-111.949500794456, 41.1380793870918], [-111.969290706216, 41.1521225304743]]]}}, {"type": "Feature", "properties": {"county": "Juab", "fips": 23}, "geometry": {"type": "Polygon", "coordinates": [[[-112.178147603911, 40.0113049531208], [-112.160325213727, 40.007002577731], [-112.150730968439, 39.9980662444802], [-112.15087622602, 39.9934609522539], [-112.141998225474, 39.9896476628418], [-112.132289376716, 39.9773052848592], [-112.109876799348, 39.9738101422596], [-112.1024353334, 39.9588937557638], [-112.094014153126, 39.9539101569678], [-112.103432442704, 39.9469961266599], [-112.106270191941, 39.9393109259204], [-112.102511729725, 39.9348509374789], [-112.103602015884, 39.9287725901776], [-112.093290817981, 39.93016766886], [-112.085259163384, 39.9254995607584], [-112.08126762698, 39.91315310052], [-112.072224267252, 39.9113225277065], [-112.062563104661, 39.9046857463246], [-112.061515757973, 39.898600290319], [-112.053535814895, 39.8934879876651], [-112.059567645397, 39.8871757953518], [-112.059142323653, 39.8800575063326], [-112.070590533584, 39.8698705166822], [-112.08123168808, 39.8650867468467], [-112.080579610897, 39.8533315174237], [-112.07694812375, 39.8528418251661], [-112.073997930593, 39.8473101631356], [-112.07522340332, 39.8396990772043], [-112.070400017082, 39.8380453433401], [-112.065426207948, 39.8300453982366], [-112.072720277426, 39.8121477955285], [-112.077767291169, 39.8091584185266], [-112.080034291299, 39.8021069790502], [-112.076767814805, 39.8001317515776], [-112.087276907971, 39.7906319974661], [-112.089800904425, 39.7818327370121], [-112.068513310643, 39.7773545853709], [-112.061295791103, 39.7822185693925], [-112.055703104723, 39.777314156235], [-112.047195344822, 39.7768551533935], [-112.041572862222, 39.7834334066406], [-112.030346549641, 39.7812225945572], [-112.015843551213, 39.7919821123299], [-112.004682456321, 39.7954985305663], [-112.003079498037, 39.8001299550924], [-111.990547701583, 39.8051344758349], [-111.989439108657, 39.8117346452255], [-111.969478396618, 39.8071144067922], [-111.962726981438, 39.815964251264], [-111.964787263051, 39.8254390145978], [-111.957699130556, 39.8367194976346], [-111.950426668256, 39.8343736820201], [-111.948290470019, 39.8489960931461], [-111.928095137791, 39.8648770515353], [-111.926607324661, 39.8728265771282], [-111.921693860756, 39.8744874903108], [-111.921068133855, 39.8801596165286], [-111.915342304573, 39.8836602000633], [-111.909475310435, 39.8945766487543], [-111.902814097787, 39.8985119069331], [-111.891433159993, 39.8981224352253], [-111.881307752555, 39.9076150325409], [-111.866209996646, 39.9057556576469], [-111.858401512311, 39.9104807829522], [-111.858806838455, 39.9152998041552], [-111.851024390891, 39.9161122019329], [-111.840834362245, 39.9238628547516], [-111.833313306462, 39.92413338676], [-111.832638076999, 39.9369771211569], [-111.824620995771, 39.9477244632316], [-111.788566470445, 39.925797814396], [-111.786222042725, 39.9213584031539], [-111.789072525581, 39.915343032145], [-111.787031436474, 39.90926628645], [-111.782161734896, 39.907483762064], [-111.781746480571, 39.9018284063084], [-111.768399356996, 39.8982100768729], [-111.757542621204, 39.8901177011384], [-111.761000148698, 39.8838881876087], [-111.75764784806, 39.8763013187035], [-111.738065147093, 39.864178667471], [-111.734610811313, 39.8565602119568], [-111.737693803317, 39.8513374307031], [-111.746695341079, 39.8498742932274], [-111.750118775711, 39.8410315090479], [-111.748908102728, 39.8328718401753], [-111.75848074533, 39.824497992287], [-111.766342607559, 39.8106250787908], [-111.641955803403, 39.8128747876885], [-111.642068198815, 39.7983195862297], [-111.622134144282, 39.7984893497183], [-111.622525451319, 39.7838223427132], [-111.584869499336, 39.7842411356502], [-111.584766294588, 39.7401470950659], [-111.642530930001, 39.739698747492], [-111.642630914289, 39.725167489912], [-111.661360188786, 39.7250639263816], [-111.661373597939, 39.7176614000755], [-111.680370275743, 39.7174713495133], [-111.68028078288, 39.7102024093776], [-111.689607944661, 39.7103660607666], [-111.689492006294, 39.6952372738871], [-111.717493258166, 39.6945656719669], [-111.713144155448, 39.4603073285646], [-111.747747540466, 39.4600825967365], [-111.747055929326, 39.3827557591311], [-111.922400159351, 39.381597312059], [-111.921709392627, 39.3668680179722], [-111.95878476434, 39.3661390893052], [-111.958115783558, 39.3367726856208], [-112.015823340915, 39.3368690094586], [-112.016014008335, 39.314566631595], [-112.072229919451, 39.3149287498829], [-112.07211974737, 39.3297012003437], [-112.188924174046, 39.3294078656574], [-112.188918644017, 39.3730955279178], [-112.193608290873, 39.3730959897111], [-112.193289388049, 39.4898404920593], [-112.202638227974, 39.489864086584], [-112.202644691353, 39.5043289109726], [-112.207312519029, 39.5043406246824], [-112.207297404874, 39.511572084992], [-112.21197271911, 39.5115851530801], [-112.211985392542, 39.5260480484287], [-112.193253955799, 39.5260295770364], [-112.193303643414, 39.5404570289458], [-112.202678130241, 39.5404404082815], [-112.207365107304, 39.5477025424563], [-112.212041225532, 39.5477361308015], [-112.212056661283, 39.5539934964362], [-113.815754655478, 39.5526495363984], [-113.815777629892, 39.5440960168808], [-114.047661362166, 39.5427530746361], [-114.047037806493, 39.9061029244061], [-112.342000070985, 39.9044640664743], [-112.343040283254, 39.9110650886178], [-112.335335430367, 39.9236727770154], [-112.339780147069, 39.9436810795656], [-112.334698032553, 39.9456776400893], [-112.332697144853, 39.9526505510901], [-112.323514217472, 39.9444940944452], [-112.309355157915, 39.9483938206388], [-112.302038667387, 39.9366431833175], [-112.286919525285, 39.94113116185], [-112.270295054702, 39.9390171027432], [-112.236330264052, 39.9605206178399], [-112.236727263713, 39.9666338258467], [-112.224789863617, 39.9823695072307], [-112.224426116894, 39.9885628520661], [-112.202225608408, 39.9996381700484], [-112.19986200525, 40.0041448700142], [-112.191689166033, 40.0040670346721], [-112.178147603911, 40.0113049531208]]]}}, {"type": "Feature", "properties": {"county": "Sanpete", "fips": 39}, "geometry": {"type": "Polygon", "coordinates": [[[-111.641955803403, 39.8128747876885], [-111.247507247386, 39.8130340509382], [-111.247759703625, 39.467204887601], [-111.300916716452, 39.4672433041127], [-111.299363112508, 39.0323109271416], [-111.853308702454, 39.0329901410677], [-111.853236097019, 39.0406523535986], [-111.846295041194, 39.0423879979141], [-111.849898070611, 39.0455832605415], [-112.014095821335, 39.0455230276918], [-112.015823340915, 39.3368690094586], [-111.958115783558, 39.3367726856208], [-111.95878476434, 39.3661390893052], [-111.921709392627, 39.3668680179722], [-111.922400159351, 39.381597312059], [-111.747055929326, 39.3827557591311], [-111.747747540466, 39.4600825967365], [-111.713144155448, 39.4603073285646], [-111.717493258166, 39.6945656719669], [-111.689492006294, 39.6952372738871], [-111.689607944661, 39.7103660607666], [-111.68028078288, 39.7102024093776], [-111.680370275743, 39.7174713495133], [-111.661373597939, 39.7176614000755], [-111.661360188786, 39.7250639263816], [-111.642630914289, 39.725167489912], [-111.642530930001, 39.739698747492], [-111.584766294588, 39.7401470950659], [-111.584869499336, 39.7842411356502], [-111.622525451319, 39.7838223427132], [-111.622134144282, 39.7984893497183], [-111.642068198815, 39.7983195862297], [-111.641955803403, 39.8128747876885]]]}}, {"type": "Feature", "properties": {"county": "Washington", "fips": 53}, "geometry": {"type": "Polygon", "coordinates": [[[-113.474496436192, 37.6182946135563], [-113.474040806188, 37.529090589231], [-113.253351958935, 37.5289884354595], [-113.25350158143, 37.4821598788433], [-113.146121750505, 37.4810334934266], [-113.146095094796, 37.4743036023512], [-113.037059962552, 37.4744793036229], [-113.037099842361, 37.4997533221859], [-112.900935699927, 37.5000279201689], [-112.899213201929, 37.0003109302051], [-114.050063344946, 37.0001962219844], [-114.052534589632, 37.1042043637611], [-114.052361698075, 37.6047957839757], [-113.587808855339, 37.6046162909422], [-113.587784604419, 37.6182289487687], [-113.474496436192, 37.6182946135563]]]}}, {"type": "Feature", "properties": {"county": "Grand", "fips": 19}, "geometry": {"type": "Polygon", "coordinates": [[[-109.062973593243, 39.4996217424279], [-109.051236494099, 39.4977448906215], [-109.051175918005, 39.1417496713743], [-109.054048798555, 38.8754321296707], [-109.059835253339, 38.7155855397632], [-109.060129709411, 38.5000279669121], [-110.025290586759, 38.4999878401378], [-110.04433269686, 38.5073767815621], [-110.045387319902, 38.5143650455715], [-110.040765392543, 38.5177833086917], [-110.033948869268, 38.5184346965436], [-110.018210301048, 38.5130003434118], [-110.013527055587, 38.5157816790902], [-110.01236178256, 38.5246710057414], [-110.00067503848, 38.5219719441572], [-109.994901205925, 38.5243061397702], [-109.994299183768, 38.5275857635037], [-110.004212717257, 38.5374572816379], [-110.005663051775, 38.5429532661322], [-109.987873901053, 38.5632574546286], [-109.996074665299, 38.56904150722], [-110.014312989833, 38.5611625618427], [-110.023650858634, 38.5772096076836], [-110.036773804037, 38.5711002501517], [-110.044493467448, 38.5784684366125], [-110.055758227025, 38.578269682048], [-110.0587231274, 38.5819982891196], [-110.051598343641, 38.5916689219142], [-110.033604455188, 38.6045886676564], [-110.027338342264, 38.6017115870457], [-110.015919496463, 38.588112101912], [-110.000173052713, 38.5892943388478], [-109.99560444396, 38.5982714002037], [-109.997968145933, 38.6145081439456], [-110.002147856931, 38.6199823924945], [-110.013767119567, 38.624154175798], [-110.020447325295, 38.6114723217126], [-110.025031847703, 38.608793593856], [-110.055221786375, 38.6051887532806], [-110.067499358705, 38.6109105376336], [-110.06895697856, 38.6158776735083], [-110.064684011655, 38.6198637049894], [-110.04929659488, 38.6154816694569], [-110.042436961454, 38.6170433266347], [-110.041838232521, 38.6214676587189], [-110.049312128548, 38.6344017794978], [-110.036069822196, 38.6550607054633], [-110.046484108964, 38.6592373373806], [-110.048360752475, 38.6485684469131], [-110.055431404653, 38.6461214236017], [-110.060022661731, 38.6504749794277], [-110.055676793846, 38.6567526174028], [-110.056477538615, 38.6614180837562], [-110.069188305525, 38.6566176065936], [-110.074218219838, 38.6591537464236], [-110.068608728673, 38.6675576016971], [-110.070832583618, 38.6725632140956], [-110.088691591828, 38.6652285995349], [-110.094050946203, 38.6658965424804], [-110.086747823504, 38.6775413245657], [-110.101101765376, 38.6935399834329], [-110.087082078537, 38.7050653101659], [-110.088245608832, 38.7139642890805], [-110.101013918226, 38.7138739208945], [-110.115572764017, 38.7057799237367], [-110.123116700788, 38.708080626511], [-110.120684546293, 38.7122797764687], [-110.107226298421, 38.7146920114893], [-110.113619804131, 38.7306550558587], [-110.101379712209, 38.7475717510996], [-110.084362248452, 38.7514759309074], [-110.081551672355, 38.7548241756104], [-110.090192271527, 38.7698688310564], [-110.10722314803, 38.7773129834268], [-110.121511290103, 38.7912583659814], [-110.118919686441, 38.7955373130393], [-110.105106687576, 38.8006544625856], [-110.106455472042, 38.8112351824835], [-110.112369199237, 38.8186110443976], [-110.12461841894, 38.8210464380701], [-110.119390844723, 38.8274187612838], [-110.120725191466, 38.8322634239596], [-110.1377792993, 38.8348776950132], [-110.145936118861, 38.8397271747573], [-110.137128962153, 38.8567660325081], [-110.137577592484, 38.8673306512295], [-110.142573903517, 38.8692913635805], [-110.152682171099, 38.8625705820777], [-110.161791212945, 38.8631499634479], [-110.159387023903, 38.8902433028381], [-110.166659184368, 38.9004106339355], [-110.179296301103, 38.9080966824029], [-110.176113312235, 38.9121698988076], [-110.178421209066, 38.9199764245317], [-110.173315691641, 38.9270367614384], [-110.143527201086, 38.9238167435569], [-110.135463319428, 38.9262218789804], [-110.134666780571, 38.9338620209517], [-110.139903964965, 38.9434796748856], [-110.152475388802, 38.9502895110701], [-110.149364809535, 38.9551599744877], [-110.136353585807, 38.961151484015], [-110.149257618962, 38.9718434387639], [-110.150512265377, 38.9764933411113], [-110.147888309788, 38.9797521167813], [-110.119823409583, 38.9798264726545], [-110.119774377738, 38.9834038952408], [-110.105711364255, 38.9833911249886], [-110.105699489425, 38.979801710184], [-110.069124600598, 38.9789892260955], [-110.069144613266, 38.9644539489329], [-110.050516137828, 38.9644581383719], [-110.050517606574, 38.9571883093661], [-110.041210116999, 38.9571976384248], [-110.041209044411, 38.9499375157771], [-110.00399549474, 38.949917012798], [-110.003988438473, 38.9644518255759], [-110.022597689964, 38.9644567959075], [-110.022570895016, 38.9789778195829], [-110.041195304679, 38.9789814096946], [-110.041187456098, 38.9935216785737], [-110.059821615177, 38.9935495145462], [-110.059817680556, 38.9862542615114], [-110.096347056239, 38.9862628284346], [-110.096331542334, 39.0016823768946], [-110.133882111153, 39.0017451588901], [-110.133857842268, 38.9943871083559], [-110.150189144963, 38.9972437122526], [-110.15026319399, 39.0021553292208], [-110.142857728926, 39.0009567406805], [-110.137976712168, 39.0053912045705], [-110.140580216711, 39.0092752880096], [-110.150276531277, 39.0106934813439], [-110.153396135917, 39.0164111974476], [-110.143712562157, 39.0191339650053], [-110.139744805955, 39.0243672608924], [-110.156877069913, 39.0350263362638], [-110.148465218643, 39.0408539757863], [-110.139267767301, 39.0594033307721], [-110.139658036783, 39.0705754023981], [-110.145575977077, 39.0749397076833], [-110.139745746491, 39.0819164298704], [-110.142756710677, 39.0872370839935], [-110.117740102353, 39.0957010240176], [-110.117656771034, 39.1023865431548], [-110.109047205062, 39.1133730132561], [-110.115039370452, 39.1221052176838], [-110.112404891998, 39.1287758104487], [-110.099615230548, 39.1364946914412], [-110.102446707748, 39.1426754908969], [-110.110601750441, 39.1451979889775], [-110.116375432079, 39.1531174397236], [-110.112818841071, 39.1598576006543], [-110.098883321882, 39.1680316691769], [-110.105291183569, 39.1784750794744], [-110.104532152968, 39.1821817203975], [-110.0974825043, 39.1902280735632], [-110.089989198374, 39.1934902768437], [-110.080268666127, 39.1929949412055], [-110.073472887646, 39.2008165454626], [-110.07731886733, 39.2268386927851], [-110.07085412971, 39.2285218752244], [-110.062357248407, 39.2233041320667], [-110.053837101636, 39.2293174967834], [-110.063324335116, 39.2494611053066], [-110.060513205656, 39.2642836155345], [-110.07440381447, 39.2714592505094], [-110.077561535526, 39.2768591906273], [-110.070279938258, 39.2918355949577], [-110.049118093345, 39.3012123655481], [-110.051860182784, 39.3068519636463], [-110.061956688723, 39.3098847438781], [-110.055684842751, 39.3187095026202], [-110.058674994768, 39.3297311750978], [-110.055366393576, 39.3307405895718], [-110.052463243393, 39.3262026793026], [-110.04795281403, 39.3260117921521], [-110.035153185772, 39.3401665517312], [-110.032733377722, 39.3502968706647], [-110.022158153279, 39.3521457631305], [-110.023646856639, 39.3590062785208], [-110.018688380849, 39.362487690736], [-110.025693406604, 39.3766975867874], [-110.018222277388, 39.3800227382055], [-110.016954442807, 39.3847380430078], [-110.020995519502, 39.3909443076046], [-110.018437863175, 39.3998557514756], [-110.009830840333, 39.4106187997518], [-110.012484764618, 39.4188679025439], [-110.023647523189, 39.4235259258399], [-110.020832178834, 39.4279525164676], [-110.023568447189, 39.4454206035342], [-110.015540750569, 39.4555481960154], [-110.02373563085, 39.46257330257], [-110.024308801816, 39.4689754842237], [-109.953360410445, 39.4692762317422], [-109.95336024246, 39.4618074662096], [-109.106907638082, 39.4620996399575], [-109.104307477967, 39.4693776340937], [-109.095877994564, 39.4713616453022], [-109.09609780423, 39.4788612798579], [-109.090269399919, 39.4840993805198], [-109.087578712979, 39.4923394983285], [-109.076763880901, 39.4891968896241], [-109.072987399379, 39.4998422596483], [-109.068518253891, 39.4955560882097], [-109.062973593243, 39.4996217424279]]]}}, {"type": "Feature", "properties": {"county": "Rich", "fips": 33}, "geometry": {"type": "Polygon", "coordinates": [[[-111.046726023534, 42.0017083618165], [-111.046777592222, 41.2516355207467], [-111.06162414055, 41.2510838277361], [-111.074966503953, 41.2442344517927], [-111.101547917315, 41.2077186368581], [-111.110314726191, 41.2146962043301], [-111.133173089825, 41.2068847047211], [-111.129498877006, 41.1975747059537], [-111.158762097461, 41.176932417031], [-111.199770553999, 41.1653023661216], [-111.232418630936, 41.1429778735772], [-111.241131725948, 41.1420006126871], [-111.244539684404, 41.1452047821462], [-111.262481413977, 41.1410576486891], [-111.264625352099, 41.145278397751], [-111.242727595627, 41.1643821137808], [-111.233135000544, 41.1770094723825], [-111.235663465218, 41.1839215290608], [-111.225673175179, 41.1913550685831], [-111.230467835092, 41.1949937840979], [-111.231687416667, 41.2026570760815], [-111.221441315182, 41.2130273159155], [-111.233669162168, 41.2182682668747], [-111.252325556347, 41.2146842955159], [-111.256506146796, 41.2175891115622], [-111.252830902711, 41.2235514498019], [-111.25414077755, 41.2290658883812], [-111.282407025244, 41.2262616442971], [-111.281231453931, 41.2303585968332], [-111.269389483665, 41.2377598423074], [-111.277073683385, 41.2446145966424], [-111.276679773031, 41.2570463530428], [-111.280904462676, 41.2612797071432], [-111.273932402397, 41.2651644617135], [-111.27735587925, 41.2771906874469], [-111.261280578445, 41.2871323514372], [-111.259450956349, 41.2910377565259], [-111.261844212895, 41.2966793069798], [-111.285811230539, 41.3051616480066], [-111.28447405051, 41.3094526461415], [-111.292382411334, 41.3094148149133], [-111.296831424678, 41.3184066563362], [-111.293501276495, 41.3204869726556], [-111.295080720479, 41.3302563036656], [-111.305367938754, 41.3336839250351], [-111.318395139019, 41.3436606736441], [-111.327111841665, 41.3454963159942], [-111.327120732292, 41.353242889507], [-111.331870001231, 41.3574358707482], [-111.339647469434, 41.3552558462638], [-111.34792183894, 41.3623021387816], [-111.36714957691, 41.3616614103308], [-111.368200364146, 41.3656664551291], [-111.384157540085, 41.3739643711331], [-111.396291037017, 41.3732926930488], [-111.403679937147, 41.3692315931613], [-111.404742258751, 41.3621748823638], [-111.420739881335, 41.3613158276113], [-111.423807095329, 41.3650832770215], [-111.434070900813, 41.3622481507096], [-111.437214794101, 41.3666319753297], [-111.446503999366, 41.3673214226511], [-111.447947366551, 41.3729230596193], [-111.459839501437, 41.3737589005676], [-111.462702333433, 41.3795032888511], [-111.477440544939, 41.3842036010637], [-111.475449458756, 41.3998355020428], [-111.499416356924, 41.4083226846487], [-111.501541173507, 41.4123578329961], [-111.508214611327, 41.4142561644239], [-111.506394957836, 41.4179933103228], [-111.510749178257, 41.4208573764126], [-111.510666177518, 41.4278286714659], [-111.500754584389, 41.4376859283052], [-111.505990848909, 41.4437791131631], [-111.502900984793, 41.4490305202782], [-111.503549979857, 41.4594178140965], [-111.500768894552, 41.4644561233259], [-111.489897926751, 41.4663314506692], [-111.490502104865, 41.4726115806373], [-111.481538554162, 41.4767523495282], [-111.475588731761, 41.4885993736708], [-111.475059083273, 41.4948076811091], [-111.478031198018, 41.4973850013738], [-111.474702282323, 41.5000875035092], [-111.478197913656, 41.503761558334], [-111.466712479337, 41.5095104275085], [-111.464595544573, 41.5151080898443], [-111.456766276815, 41.5205573971745], [-111.45888923119, 41.5318081694612], [-111.452822822737, 41.5299631866816], [-111.4422688704, 41.5326749450786], [-111.44511225926, 41.5443870558049], [-111.433461745134, 41.5529615194679], [-111.429416932345, 41.5668795098626], [-111.43045365915, 41.5767071135488], [-111.427178088112, 41.5811374108687], [-111.429222902532, 41.5901100639724], [-111.426538263051, 41.6105980776258], [-111.429866547229, 41.6183994657337], [-111.422803454375, 41.6240371670683], [-111.417403491657, 41.6224806352912], [-111.410699065553, 41.6271795359187], [-111.416508397732, 41.6391427378394], [-111.401535423205, 41.6545938199955], [-111.406056442807, 41.6659494982061], [-111.414407038856, 41.6672302361894], [-111.414670801292, 41.6755744170784], [-111.423180665047, 41.6743589587453], [-111.426801211612, 41.6777592802377], [-111.423943680575, 41.6917714492989], [-111.426864887793, 41.6946654332956], [-111.419830844658, 41.6968440454834], [-111.421196104227, 41.7062424728347], [-111.417045336947, 41.7121302393077], [-111.41753741789, 41.7203699373166], [-111.420071351507, 41.7245625042503], [-111.428814582302, 41.7267504529968], [-111.441993462205, 41.7357030743006], [-111.440614404514, 41.7415404352264], [-111.445213499392, 41.7448913407815], [-111.441100310437, 41.752617224922], [-111.445415807181, 41.7602394314341], [-111.44328423886, 41.7712623433718], [-111.449539438153, 41.7719405839857], [-111.451511850157, 41.7786880920882], [-111.454658662971, 41.7795628700476], [-111.454347411996, 41.7883143791442], [-111.4508447756, 41.7925389351477], [-111.453866367755, 41.8037181780113], [-111.462001158828, 41.8125530805068], [-111.460799191418, 41.8178674919442], [-111.507789096445, 41.8524314682216], [-111.50197669113, 41.8609324698201], [-111.509369622899, 41.8686728245264], [-111.502419340477, 41.868226077186], [-111.494412049987, 41.8736775377087], [-111.4921741409, 41.8837216514378], [-111.494083201915, 41.8873071720806], [-111.503072940305, 41.8878049484377], [-111.500430650101, 41.8982859966994], [-111.51187624324, 41.9049410993925], [-111.511632409031, 41.9083782710753], [-111.503464107204, 41.9138229403199], [-111.491331814913, 41.9104799409933], [-111.478464477039, 41.9126778884417], [-111.47150081511, 41.9282343482474], [-111.476834288123, 41.9358509409786], [-111.473248472224, 41.9469971907634], [-111.477656729003, 41.9539231117367], [-111.476089808433, 41.9581987979416], [-111.483366261049, 41.9638110889375], [-111.484510606923, 41.9754789245854], [-111.494047232472, 41.9795498244514], [-111.498022960324, 41.9855400886672], [-111.507758276146, 41.9875779781264], [-111.507797616965, 41.9995602395852], [-111.046726023534, 42.0017083618165]]]}}, {"type": "Feature", "properties": {"county": "Carbon", "fips": 7}, "geometry": {"type": "Polygon", "coordinates": [[[-111.247507247386, 39.8130340509382], [-110.518206453594, 39.8116472305166], [-110.518201489504, 39.8067184454508], [-109.883091487687, 39.8062421827417], [-109.893485465343, 39.8001942054636], [-109.878311879047, 39.7937416467163], [-109.873906601081, 39.7863469704296], [-109.878870335608, 39.7830839242246], [-109.894048744959, 39.7887291773851], [-109.918378460992, 39.7859456218148], [-109.921131829678, 39.7988282887915], [-109.928551854636, 39.7975140344023], [-109.92098571151, 39.7734191684816], [-109.930359836316, 39.7490215815619], [-109.945087461176, 39.7499582537511], [-109.947396733327, 39.7401088517556], [-109.953816183281, 39.7345897377142], [-109.953924396136, 39.7298244531589], [-109.948312888254, 39.7228315836975], [-109.950523224452, 39.7194142881667], [-109.961488113811, 39.7250855567695], [-109.960706701684, 39.7378051145956], [-109.965326074234, 39.7422342224172], [-109.984894130865, 39.7413303131486], [-109.99287686411, 39.7373318564325], [-109.992892999649, 39.7306105655378], [-109.983346706431, 39.72559439575], [-109.978106462375, 39.7153220644089], [-109.970598357603, 39.7094848388016], [-109.977635905066, 39.7041275143395], [-109.993467925025, 39.7035090064103], [-109.994279595105, 39.6933167033697], [-110.005104529637, 39.6871750182426], [-110.003300408017, 39.6825554161448], [-109.990510204884, 39.684747892228], [-109.985964465441, 39.6822070984144], [-109.987526773163, 39.6746387808149], [-109.984362413557, 39.6642045361825], [-109.996018656239, 39.6461911223], [-110.010542362632, 39.6464779414601], [-110.011385308457, 39.6372092115809], [-109.997226875025, 39.6266901663182], [-110.011314858979, 39.6249683564217], [-110.018039163902, 39.6091990650861], [-110.02381392801, 39.6073375777896], [-110.029075948128, 39.6004663632516], [-110.02828009738, 39.59449046216], [-110.018550784999, 39.5861598539844], [-110.022934962438, 39.5799482271377], [-110.031837835537, 39.5773512187779], [-110.038096580479, 39.566789148857], [-110.037203125979, 39.5602628406762], [-110.028707269654, 39.554299442055], [-110.029532551007, 39.5401782464262], [-110.048242058975, 39.5331562664156], [-110.039697841846, 39.5249587039058], [-110.027407314911, 39.5240230645536], [-110.025428962347, 39.5211457252604], [-110.022334793505, 39.4995355367937], [-110.014675996344, 39.4909020519548], [-110.016547049639, 39.4844664873169], [-110.024470212004, 39.4778115060263], [-110.021109103385, 39.4716607147725], [-110.023968420273, 39.4692745653375], [-111.077556058558, 39.4697489419266], [-111.081344422096, 39.4674610779539], [-111.081205071836, 39.4745947075536], [-111.075147332125, 39.4796942833908], [-111.077506646726, 39.4839953005245], [-111.074379696562, 39.4903948690709], [-111.081582419951, 39.4980400299945], [-111.085541531665, 39.5218521078343], [-111.09821971129, 39.5360246704072], [-111.106821275968, 39.5373326204941], [-111.106964502458, 39.5472485592915], [-111.116347166649, 39.5518889650736], [-111.114305022921, 39.5557835252295], [-111.118763408388, 39.5627531718288], [-111.113563796929, 39.5687818726025], [-111.120427750353, 39.5726449595507], [-111.132008662112, 39.6136253475055], [-111.138092636223, 39.6150419184199], [-111.140089937849, 39.6089304742371], [-111.148268966459, 39.6068884774326], [-111.147830169985, 39.6004817298755], [-111.154251823506, 39.5969737341941], [-111.163530583161, 39.5978125312685], [-111.170678493148, 39.6035463933401], [-111.176098866487, 39.6143363745655], [-111.186370893352, 39.6196824349576], [-111.192704860521, 39.6413285258228], [-111.201994041532, 39.6455566184061], [-111.201041968366, 39.6568752535836], [-111.221833737925, 39.6755878627765], [-111.221974667424, 39.6922926595007], [-111.228876475854, 39.6932568752869], [-111.229870855178, 39.6994404571368], [-111.237132446964, 39.7030434726093], [-111.247460489177, 39.7043726479808], [-111.247507247386, 39.8130340509382]]]}}, {"type": "Feature", "properties": {"county": "Daggett", "fips": 9}, "geometry": {"type": "Polygon", "coordinates": [[[-109.050025134803, 40.999895249602], [-109.048974713182, 40.6626561637446], [-109.123340577066, 40.6624126941223], [-109.123457323019, 40.6841636350553], [-109.161038826224, 40.683765689255], [-109.163436123392, 40.785960792333], [-109.201412346332, 40.7857468130629], [-109.202158231886, 40.8584196685579], [-109.394502594471, 40.8581719829912], [-109.394475680945, 40.791038630099], [-109.41496406967, 40.7868255771843], [-109.434198342884, 40.7772784349504], [-109.441161064277, 40.7653288887783], [-109.437053122382, 40.7621565094859], [-109.436760727944, 40.7574953527607], [-109.456343214213, 40.7538449620032], [-109.468786422407, 40.7556862712256], [-109.474238810805, 40.743890254615], [-109.484616609803, 40.740392208586], [-109.516262011474, 40.7545228975092], [-109.514521436678, 40.7715124117481], [-109.518873157087, 40.7823060615863], [-109.511417334265, 40.7945827577441], [-109.513228594795, 40.8103522743223], [-109.528499063497, 40.8275688553683], [-109.553401746578, 40.8215655785894], [-109.571599618178, 40.8134634573071], [-109.571308229852, 40.8190313677452], [-109.580556633637, 40.8254467156126], [-109.599657792696, 40.8154469542958], [-109.614558153704, 40.8181896864359], [-109.620674398893, 40.8125698350956], [-109.631577411396, 40.8159786524837], [-109.635653487354, 40.810324770429], [-109.649333966748, 40.8060050912185], [-109.653317111989, 40.7995648660702], [-109.664530283116, 40.800195167079], [-109.67586194113, 40.795173092811], [-109.702634628274, 40.8035936615781], [-109.720040919717, 40.801873847012], [-109.73185592166, 40.794608567973], [-109.752603025186, 40.8029466678084], [-109.756259885248, 40.8008052548698], [-109.755655898475, 40.7943632534204], [-109.764871027764, 40.7825713702369], [-109.816413556023, 40.7794587445659], [-109.832058288923, 40.7756274833812], [-109.834354198634, 40.7683404487324], [-109.869399655384, 40.7639642684839], [-109.883130774608, 40.7749665543913], [-109.893247986715, 40.7729786060149], [-109.896795061869, 40.7820434339211], [-109.913403225335, 40.7821154518573], [-109.918353162637, 40.7907514086474], [-109.923423567613, 40.7898079138143], [-109.932055027325, 40.7966578893328], [-109.940690576169, 40.7947871943125], [-109.944050422655, 40.7981907123628], [-109.952656139347, 40.7989636956843], [-109.9629297185, 40.8034075226581], [-109.970060054746, 40.8107185947434], [-109.987702343495, 40.8075867032348], [-109.993704156791, 40.8152467434863], [-109.999002201148, 40.8135779181098], [-109.999679397922, 40.99745662057], [-109.232489441415, 41.0021151269786], [-109.050025134803, 40.999895249602]]]}}, {"type": "Feature", "properties": {"county": "Beaver", "fips": 1}, "geometry": {"type": "Polygon", "coordinates": [[[-112.51540546354, 38.5728508274664], [-112.518552545848, 38.5666156574283], [-112.515305764018, 38.5568480108923], [-112.517646855395, 38.5462023208703], [-112.515800071885, 38.5306546222966], [-112.522638639817, 38.521185939686], [-112.51415530421, 38.5022584818195], [-112.518833260391, 38.5000351581913], [-112.510118216933, 38.4887808614684], [-112.519153754132, 38.4787144713445], [-112.513418967748, 38.4758374703152], [-112.509801983004, 38.4675809935669], [-112.501545229461, 38.4660055950105], [-112.49339750624, 38.4516373027634], [-112.4900674955, 38.4529818720231], [-112.48746447964, 38.4489958198418], [-112.4792404643, 38.4480546213151], [-112.45302290995, 38.4292376865368], [-112.451519241556, 38.4190777413011], [-112.443546693409, 38.4053118737469], [-112.433830443431, 38.401831013004], [-112.421172027641, 38.4109743135202], [-112.417059890613, 38.4195130661899], [-112.403045173254, 38.4156066549733], [-112.397667032412, 38.404881276242], [-112.403874534756, 38.4004589524296], [-112.403804383518, 38.3947599143821], [-112.397845185401, 38.3861844354669], [-112.391390134314, 38.3806334387026], [-112.374162301287, 38.3771193460794], [-112.361932512144, 38.3558727015734], [-112.352342858145, 38.3491572926804], [-112.343619402863, 38.3474236902014], [-112.335392637779, 38.3328329383347], [-112.340876495059, 38.3252680183358], [-112.341597351752, 38.3147258431822], [-112.338791865509, 38.3120678680811], [-112.348615651013, 38.3048981392599], [-112.34701471843, 38.2913041235586], [-112.350709194546, 38.2818036784563], [-112.362525449638, 38.2723361308358], [-112.368429732845, 38.2598436219896], [-112.380844842635, 38.2506231888855], [-112.379858090008, 38.244371523861], [-112.371596283441, 38.2382907141903], [-112.37143964151, 38.2348184474039], [-112.357171654937, 38.2246944784845], [-112.364941713835, 38.2151264937314], [-112.395212525137, 38.2059118222924], [-112.39785674582, 38.199355709146], [-112.408830973166, 38.1934072975045], [-112.410519302844, 38.1885836503636], [-112.422752175904, 38.183204595101], [-112.422465881924, 38.1708301276393], [-112.435024638617, 38.1633460685951], [-112.432396088145, 38.154722153164], [-112.44422535803, 38.1500065659146], [-112.519351191255, 38.1473307541322], [-114.049989879824, 38.1487684907373], [-114.049988151465, 38.572978554985], [-112.51540546354, 38.5728508274664]]]}}, {"type": "Feature", "properties": {"county": "Sevier", "fips": 41}, "geometry": {"type": "Polygon", "coordinates": [[[-112.014095821335, 39.0455230276918], [-111.846295041194, 39.0423879979141], [-111.853236097019, 39.0406523535986], [-111.853308702454, 39.0329901410677], [-111.299363112508, 39.0323109271416], [-111.299149543439, 38.6723350505284], [-111.307022414521, 38.6723373600531], [-111.305676158812, 38.5101748708982], [-111.756313495927, 38.510153089217], [-111.766386018645, 38.5022503719323], [-112.042583839717, 38.5017952164071], [-112.061976767089, 38.5020956104201], [-112.062143331811, 38.5104759469447], [-112.11743374103, 38.5120156961416], [-112.518506749735, 38.5104183680942], [-112.522638639817, 38.521185939686], [-112.515721742385, 38.5312954434615], [-112.517646855395, 38.5462023208703], [-112.515305764018, 38.5568480108923], [-112.518432056616, 38.5677075894852], [-112.51540546354, 38.5728508274664], [-112.503152288555, 38.5713819488958], [-112.503085093673, 38.600574206848], [-112.484799740538, 38.6006380888086], [-112.484455665123, 38.6446524017947], [-112.475196644149, 38.6446807863176], [-112.475352244034, 38.6592630540402], [-112.466167263105, 38.6592729518056], [-112.466012407923, 38.6739231723695], [-112.447678032825, 38.6739284695006], [-112.447528096817, 38.6812760930734], [-112.365975051296, 38.6842233857143], [-112.356550137541, 38.6838605544177], [-112.356648606371, 38.6767462569363], [-112.309964108778, 38.6762955837122], [-112.309951256581, 38.6834158514283], [-112.291340859738, 38.6833035807947], [-112.291327720979, 38.6869665654662], [-112.282271588106, 38.686880411737], [-112.282361662179, 38.7015324824582], [-112.273266258555, 38.7013584832704], [-112.273308162268, 38.7050049107079], [-112.255449269043, 38.7050530520783], [-112.255370935052, 38.7123116207188], [-112.241481464403, 38.712529867354], [-112.241373477923, 38.7197909941374], [-112.236733783685, 38.7198645905485], [-112.23665174055, 38.727109842468], [-112.21836769626, 38.7273665405038], [-112.219129765862, 38.7639927045982], [-112.228392346858, 38.7639932124207], [-112.22844907996, 38.8375137846574], [-112.224647985498, 38.8375197287999], [-112.224472569676, 38.8648090290759], [-112.18855280422, 38.8647925765156], [-112.188481024337, 38.879453170835], [-112.171565716096, 38.8786213577424], [-112.1693622574, 38.9061377342816], [-112.150771492339, 38.9065148595016], [-112.151939928334, 38.9354785041443], [-112.134042895337, 38.9354586775743], [-112.133873048171, 38.9593078427438], [-112.065173749014, 38.9593078623025], [-112.0656720993, 38.9884360108873], [-112.056413699062, 38.9883735075498], [-112.05639806119, 38.9956861149677], [-112.018917747812, 38.9959077323298], [-112.019045118139, 39.0242131014694], [-112.014028230297, 39.0242880910652], [-112.014095821335, 39.0455230276918]]]}}, {"type": "Feature", "properties": {"county": "Garfield", "fips": 17}, "geometry": {"type": "Polygon", "coordinates": [[[-112.462441420514, 38.1500071466015], [-112.061070685869, 38.1494690456947], [-112.061205121446, 38.1457407133269], [-112.024605527153, 38.1455442040576], [-111.951326787357, 38.1460317965884], [-111.951263105787, 38.1512287369348], [-111.414162605471, 38.1500665624289], [-111.414110365742, 38.1537864314797], [-111.303567152579, 38.1538398102062], [-109.92858084327, 38.1517605794474], [-109.927234917243, 38.1488464248587], [-109.931916993097, 38.1376868027008], [-109.955135679974, 38.1310417651922], [-109.964172628426, 38.1140560011454], [-109.978552439082, 38.1098793957628], [-109.986550343975, 38.1006559744292], [-109.994144068973, 38.1003886709913], [-110.00922562197, 38.1097950960995], [-110.026040256915, 38.0972281694691], [-110.047018207707, 38.0704934533335], [-110.042822298287, 38.0587250833772], [-110.045685968411, 38.0502720997064], [-110.055539664221, 38.0483509042527], [-110.064780084678, 38.0422791340387], [-110.076800587022, 38.0215857625341], [-110.073974154761, 38.0080852047068], [-110.078386851015, 37.9981735545703], [-110.093304079689, 37.9946898689309], [-110.113566922107, 38.0082145911736], [-110.136075683889, 38.0052592361923], [-110.145493562039, 37.9907050098314], [-110.161065486485, 37.982322665054], [-110.168013236556, 37.9650180461483], [-110.201861424983, 37.9468575423511], [-110.205779275279, 37.9344509265696], [-110.198407386546, 37.9159247000261], [-110.208795058927, 37.8940712765954], [-110.215476486363, 37.892498190405], [-110.261805176544, 37.8992690952846], [-110.269488304574, 37.8975505063899], [-110.27829869881, 37.8857619190724], [-110.277015241627, 37.8710593958487], [-110.283272889727, 37.8659233355473], [-110.291092841056, 37.8690891545185], [-110.294775003964, 37.885947401658], [-110.303443143687, 37.8904973540685], [-110.362114584361, 37.892564003537], [-110.388332519596, 37.8880930401543], [-110.404220558496, 37.8809461322431], [-110.4027414186, 37.8521782043893], [-110.406237756907, 37.8485095650749], [-110.42425421643, 37.8431506567737], [-110.431475675981, 37.8368126235008], [-110.437481060979, 37.8069775682461], [-110.469677624891, 37.8090467026266], [-110.47696082116, 37.8000165861468], [-110.469588325166, 37.7786405379155], [-110.462000372742, 37.7711297312715], [-110.445775682105, 37.7725236823266], [-110.429435363019, 37.7792812556073], [-110.426092856713, 37.7753803643589], [-110.445279503047, 37.7606645450325], [-110.450216634866, 37.7347702715358], [-110.467277856458, 37.7255424649735], [-110.470385865645, 37.7129649805649], [-110.488351158027, 37.7023230423214], [-110.483551276208, 37.6951590994324], [-110.484423776606, 37.6821837859489], [-110.48633758342, 37.6743685908851], [-110.494470697338, 37.6664810263679], [-110.4982436386, 37.651737799313], [-110.501539674158, 37.6504673704393], [-110.513564806419, 37.6569395802958], [-110.524265098807, 37.6492542690125], [-110.532250584491, 37.6358112104147], [-110.537797498114, 37.6332372157357], [-110.554082343535, 37.64202033872], [-110.560654252864, 37.641454619381], [-110.567389086042, 37.613745255854], [-110.603788090126, 37.6021150384584], [-110.59834543767, 37.5766606177727], [-110.600545775619, 37.5675644482529], [-110.622198112355, 37.5627729322563], [-110.636640084633, 37.553529819726], [-110.646730548504, 37.5405663251914], [-111.84081979786, 37.5397129542636], [-111.840820627903, 37.5357952026695], [-112.092509881064, 37.5357975676371], [-112.361170451525, 37.5368590023949], [-112.36116706308, 37.5428045211349], [-112.683810337353, 37.5436986580282], [-112.683615067865, 37.6318923667558], [-112.686778075506, 37.6603313639583], [-112.685768722165, 37.7173436304784], [-112.689121260856, 37.7172400267849], [-112.6892972516, 37.8056006424445], [-112.578551672258, 37.80450112801], [-112.578470475336, 37.8821559631913], [-112.588559993281, 37.8821519763822], [-112.588517063692, 37.8903674616603], [-112.468300871499, 37.8904897620531], [-112.46702132109, 37.9777301092167], [-112.478992964964, 37.9777307571254], [-112.478822116177, 38.1474243830209], [-112.462441420514, 38.1500071466015]]]}}, {"type": "Feature", "properties": {"county": "Tooele", "fips": 45}, "geometry": {"type": "Polygon", "coordinates": [[[-112.493529234295, 41.076889596198], [-112.227452050606, 40.7253064109446], [-112.205102625701, 40.7120023403404], [-112.198704900604, 40.6968771864184], [-112.204376335997, 40.6786517594657], [-112.20137808926, 40.6720041372229], [-112.202937895173, 40.6539871814987], [-112.197989662873, 40.6484083271779], [-112.194161323407, 40.6356126737175], [-112.197686017934, 40.6254677133237], [-112.175348855032, 40.6039875224227], [-112.177549443611, 40.5960961183035], [-112.17496889282, 40.5853256092903], [-112.181480217071, 40.5803891403816], [-112.183636205194, 40.5733998128905], [-112.182919071119, 40.5621959356286], [-112.178245969434, 40.556256558504], [-112.182800916608, 40.540986298611], [-112.178754081712, 40.5219157594657], [-112.187661305352, 40.5139050040485], [-112.175877135386, 40.5001575198316], [-112.18059365175, 40.4975734727343], [-112.181337999388, 40.4926462000471], [-112.171763070574, 40.4698938869628], [-112.173616570788, 40.4669328152687], [-112.190282167143, 40.46852359387], [-112.19569747039, 40.4622651610871], [-112.212230753887, 40.4592885055746], [-112.214189234818, 40.4523158811589], [-112.209537157304, 40.4322660448642], [-112.1946502315, 40.4211147839603], [-112.201616871344, 40.3879981119305], [-112.188708031304, 40.3724695824284], [-112.193671267266, 40.3680401253218], [-112.194730692702, 40.3613355611631], [-112.17554480724, 40.3358431671023], [-112.196288087537, 40.3258422322138], [-112.192693222907, 40.3228973861332], [-112.197481024183, 40.3160821728617], [-112.198619770858, 40.3069352603504], [-112.192091985878, 40.3041063209793], [-112.186457773975, 40.2867452999479], [-112.192207922448, 40.2645059065855], [-112.183732421049, 40.2579667514543], [-112.183922275492, 40.2499692452568], [-112.179338145648, 40.2493710050776], [-112.179749404267, 40.2324260864999], [-112.176699942779, 40.227722837855], [-112.170594544747, 40.2257171579381], [-112.166944591831, 40.2181548064033], [-112.156900154042, 40.2194088184353], [-112.149497347992, 40.2121797539962], [-112.158552759518, 40.2067254065536], [-112.157253803702, 40.2032383375259], [-112.160510948496, 40.1992506965779], [-112.148631320854, 40.1956844347353], [-112.146882265063, 40.1894944407478], [-112.153372414226, 40.181853214324], [-112.152761362203, 40.1790619401164], [-112.146724052877, 40.1783561186422], [-112.14476266859, 40.1717222177108], [-112.155808930941, 40.1703872056108], [-112.158696447742, 40.1633933052279], [-112.173568535174, 40.1552036645046], [-112.167780672731, 40.1466718687863], [-112.176333505602, 40.1313776554939], [-112.163774960912, 40.1234817845948], [-112.164170916729, 40.1187614384072], [-112.150984616742, 40.1054918919695], [-112.157013976877, 40.0984901253754], [-112.157945952933, 40.0891065930119], [-112.173008244254, 40.0840404316473], [-112.175972544554, 40.0777218478506], [-112.172174849317, 40.0682734819339], [-112.179995857963, 40.0672255689984], [-112.183780956125, 40.0599704441817], [-112.171997411387, 40.0397830757653], [-112.177487547891, 40.0298215536464], [-112.179811653024, 40.0116619146305], [-112.191689166033, 40.0040670346721], [-112.19986200525, 40.0041448700142], [-112.202225608408, 39.9996381700484], [-112.224426116894, 39.9885628520661], [-112.224789863617, 39.9823695072307], [-112.236727263713, 39.9666338258467], [-112.236330264052, 39.9605206178399], [-112.244827520851, 39.9571448123486], [-112.24889713343, 39.9507817753537], [-112.254220034171, 39.95059366615], [-112.260801257232, 39.9427515777767], [-112.270603487661, 39.9389236271239], [-112.286919525285, 39.94113116185], [-112.301734075623, 39.9366276835302], [-112.309355157915, 39.9483938206388], [-112.323514217472, 39.9444940944452], [-112.332697144853, 39.9526505510901], [-112.334698032553, 39.9456776400893], [-112.339780147069, 39.9436810795656], [-112.335335430367, 39.9236727770154], [-112.343040283254, 39.9110650886178], [-112.342000070985, 39.9044640664743], [-114.047037806493, 39.9061029244061], [-114.042040951081, 40.9999022360642], [-112.799370868652, 40.9999446395689], [-112.493529234295, 41.076889596198]]]}}, {"type": "Feature", "properties": {"county": "Summit", "fips": 43}, "geometry": {"type": "Polygon", "coordinates": [[[-109.999679397922, 40.99745662057], [-109.999002201148, 40.8135779181098], [-110.0133557271, 40.8137499386852], [-110.025669761149, 40.820588321903], [-110.035812536614, 40.8182548002099], [-110.042708499707, 40.8206769166265], [-110.052041485266, 40.8122996504472], [-110.064760552609, 40.814205128583], [-110.074705314232, 40.8101684959897], [-110.102876416864, 40.807913686777], [-110.123330330943, 40.8117688596762], [-110.126756326672, 40.8149747993661], [-110.139512577081, 40.8109988573011], [-110.158806740077, 40.8210224425992], [-110.175320459165, 40.8175752490801], [-110.184764313, 40.8215069669522], [-110.188108249424, 40.8263770584834], [-110.202305720044, 40.8217512015931], [-110.214180441089, 40.8273953772398], [-110.225795579559, 40.8264694745007], [-110.229634634131, 40.8308552337313], [-110.238524325351, 40.8282072334087], [-110.261292248398, 40.8348277992006], [-110.285886017921, 40.8281371768785], [-110.293556921677, 40.8333723447519], [-110.301786193959, 40.8262022054982], [-110.320332689144, 40.8205160391042], [-110.330318952933, 40.8197582736775], [-110.34274616842, 40.8233619455282], [-110.351313655508, 40.8154920189302], [-110.348856917716, 40.8090551560825], [-110.352311407108, 40.8031200086031], [-110.373856241556, 40.78816865107], [-110.39597986144, 40.7887045738229], [-110.400491541258, 40.7852102828526], [-110.411012178675, 40.7843050558637], [-110.424314046025, 40.7920113062729], [-110.432793585351, 40.778283880657], [-110.457206138631, 40.7832163485631], [-110.461794256995, 40.7758283259499], [-110.472627212584, 40.7718515246403], [-110.487125383466, 40.7802948087232], [-110.497819746075, 40.7686532608572], [-110.523523833289, 40.7615103577819], [-110.533527446242, 40.7710867881546], [-110.547042667964, 40.7737395954632], [-110.551400170828, 40.7652390227069], [-110.562017107643, 40.7579017814574], [-110.575887272598, 40.7564761777705], [-110.58318737516, 40.7627231989741], [-110.595474926875, 40.7576365355569], [-110.607033884708, 40.7572710851407], [-110.62521512939, 40.7695652132851], [-110.633751417089, 40.7654396660313], [-110.65649369593, 40.7402810057168], [-110.689634753922, 40.7412180866624], [-110.713195953145, 40.7528902474945], [-110.721667301633, 40.7454788784981], [-110.743007626522, 40.7447311050313], [-110.750744177362, 40.7477119094939], [-110.757864932176, 40.7423399084506], [-110.766360658246, 40.7413934949905], [-110.765231814598, 40.7370400324059], [-110.774329999407, 40.7314142624683], [-110.783005492738, 40.7311345128913], [-110.794823023438, 40.7180205929745], [-110.806421190038, 40.7116048243211], [-110.823417754489, 40.7104825667094], [-110.831586766884, 40.7178863968159], [-110.847488847349, 40.7252730906019], [-110.861972543677, 40.7215752424511], [-110.875499673466, 40.7283966735809], [-110.891991583256, 40.727129548941], [-110.894277420158, 40.7231408249321], [-110.885165641144, 40.716335073588], [-110.89619955166, 40.7130123093386], [-110.902998970114, 40.7063653027418], [-110.904999799424, 40.6937232448227], [-110.901192997965, 40.6827879596373], [-110.933969204306, 40.6803609806854], [-110.946366882288, 40.6702550861577], [-110.948834675646, 40.6613375300272], [-110.945002226387, 40.6463406511247], [-110.960710158462, 40.6242124151568], [-110.962211715816, 40.6053754248021], [-110.975772687836, 40.5931495275352], [-111.010753859348, 40.5920795119187], [-111.022732705015, 40.5789743464506], [-111.03203003644, 40.5758550630954], [-111.053626057792, 40.5810542008824], [-111.079117029586, 40.5945573873295], [-111.088468073977, 40.5921947828677], [-111.107208307922, 40.5940932968178], [-111.123271926137, 40.5891313975246], [-111.125893725769, 40.5819529923646], [-111.13323584613, 40.5752151120645], [-111.137070904097, 40.5583999907097], [-111.15152960031, 40.5483324655829], [-111.162236121617, 40.5510431327128], [-111.167590871227, 40.5576030009031], [-111.181714853369, 40.5587212792811], [-111.193445730781, 40.5674859266217], [-111.198130577938, 40.5657527804447], [-111.21231458371, 40.5739482098294], [-111.252353557732, 40.5815973124366], [-111.287412075088, 40.5982854084765], [-111.293649750944, 40.6079308032673], [-111.303242212178, 40.6058483992279], [-111.313520047549, 40.6159964308417], [-111.326440426449, 40.6230595806587], [-111.350381070455, 40.6250434389799], [-111.363241149043, 40.6308513164393], [-111.369832138588, 40.6295547534828], [-111.375474090375, 40.6330274533295], [-111.376319437397, 40.642479414279], [-111.390058160859, 40.6600954899642], [-111.389647828404, 40.6780107284697], [-111.394131496057, 40.6838646832437], [-111.394251727473, 40.6906117871461], [-111.399324504001, 40.6904502138169], [-111.412427590348, 40.6811071741673], [-111.436883122624, 40.6858864265744], [-111.436395577274, 40.6746409063927], [-111.430411563197, 40.6650105263951], [-111.435316883875, 40.6606949737653], [-111.445168933971, 40.6594682593123], [-111.448755702983, 40.6543509269524], [-111.460197919354, 40.6524951367117], [-111.46380666565, 40.6449629002855], [-111.473020088139, 40.6441417671588], [-111.47613979339, 40.6346202023134], [-111.474196556869, 40.6323985284095], [-111.480322035841, 40.6238768589906], [-111.486895372593, 40.6208504909563], [-111.482630291998, 40.6089407492907], [-111.489276400373, 40.5994445280881], [-111.500748663593, 40.6061880049722], [-111.524753582956, 40.608955244642], [-111.52795824907, 40.611967594116], [-111.539971584655, 40.6132138242742], [-111.553274098792, 40.6093212316132], [-111.558867668216, 40.6134329362645], [-111.557596144254, 40.619603786836], [-111.567431791113, 40.6232873120666], [-111.568981740711, 40.6294083439554], [-111.57661189958, 40.633523531942], [-111.578253354268, 40.6440924802827], [-111.593883485053, 40.6516624569625], [-111.59620435176, 40.6591223176823], [-111.604534574917, 40.6665742367488], [-111.601156745955, 40.6879009808412], [-111.592722770976, 40.6991846775418], [-111.614912556272, 40.7196073624796], [-111.616391314384, 40.7230632816487], [-111.613351586143, 40.7279450147308], [-111.623310540249, 40.7312509658182], [-111.621666768806, 40.7377333941409], [-111.624486672111, 40.7410234148521], [-111.617450026557, 40.7464177645833], [-111.623548830057, 40.7535999256025], [-111.621049527392, 40.7579564203157], [-111.636852542546, 40.7631943402903], [-111.639939464679, 40.770536325589], [-111.649140337704, 40.7734487371847], [-111.643052766739, 40.7859487833557], [-111.64870308274, 40.7919636528645], [-111.64649595263, 40.7975757089775], [-111.613808352515, 40.8110930659023], [-111.593982321294, 40.8048909076521], [-111.587908387653, 40.7936929407046], [-111.581474929371, 40.7892753421254], [-111.559594388213, 40.7848297250037], [-111.557834120549, 40.7806898254242], [-111.527996876628, 40.7853686069158], [-111.519436795251, 40.7916952212855], [-111.511165178183, 40.8086080533213], [-111.516368850926, 40.8130476848736], [-111.516933866986, 40.8193916245066], [-111.510069117654, 40.8210752321412], [-111.499860130963, 40.8322669843579], [-111.488197667447, 40.854383994593], [-111.480409106847, 40.8552499723934], [-111.484131569976, 40.8703234936183], [-111.494737559022, 40.8794589379027], [-111.502303461399, 40.8935324406017], [-111.510480911669, 40.8986988583506], [-111.509549722537, 40.9111750199379], [-111.516619482687, 40.9177016231639], [-111.528765159876, 40.918961786037], [-111.523604052905, 40.9459066162179], [-111.524772214914, 40.9537475040001], [-111.533439538067, 40.9582478890305], [-111.550954275928, 40.9538956126215], [-111.561528399934, 40.9601008262278], [-111.573615836648, 40.9610502445133], [-111.577613855295, 40.95837825838], [-111.58804335683, 40.9658690294522], [-111.587664236339, 40.9787256871494], [-111.593693731221, 40.9863562670893], [-111.592992622192, 40.993021430329], [-111.566639112317, 41.0004911491165], [-111.56869427443, 41.0030393498952], [-111.554392030604, 41.0168104427255], [-111.553396018142, 41.0207247669096], [-111.557564738253, 41.0235287304367], [-111.55297763229, 41.0297169005067], [-111.555250498418, 41.0319354858582], [-111.545533035714, 41.0371750774942], [-111.541060746123, 41.045285450702], [-111.507906218792, 41.0631507744039], [-111.500060902632, 41.06130239323], [-111.49445272211, 41.064128110075], [-111.490228549895, 41.0610563808742], [-111.473976357335, 41.0642411735294], [-111.466567466995, 41.0709824373077], [-111.454469661028, 41.0746880673899], [-111.447043927276, 41.082045187281], [-111.424054376374, 41.0800737384761], [-111.422583836051, 41.0763092581674], [-111.412968496523, 41.0739614790027], [-111.400305896381, 41.081307217758], [-111.396007449661, 41.0801915558085], [-111.390696050051, 41.0849028977822], [-111.380932706792, 41.0868407963004], [-111.381540189808, 41.0971791481041], [-111.378369126076, 41.0986317953732], [-111.375445388304, 41.1121714477873], [-111.367613345651, 41.1194932104852], [-111.366927089367, 41.1299492046078], [-111.345642882234, 41.1287719229593], [-111.332400401609, 41.1381071592536], [-111.307820750908, 41.1307933943513], [-111.290135810149, 41.1432613349264], [-111.264995821814, 41.1440605654542], [-111.262266823524, 41.1410311137684], [-111.244539684404, 41.1452047821462], [-111.241131725948, 41.1420006126871], [-111.232418630936, 41.1429778735772], [-111.206192014382, 41.1622733785452], [-111.188065364811, 41.1696323855384], [-111.175764655472, 41.1702913782511], [-111.141622165483, 41.1867103782135], [-111.141738204462, 41.1907548011247], [-111.129498877006, 41.1975747059537], [-111.133173089825, 41.2068847047211], [-111.110314726191, 41.2146962043301], [-111.101547917315, 41.2077186368581], [-111.07521087805, 41.2439865764769], [-111.059666977448, 41.251422653187], [-111.046777592222, 41.2516355207467], [-111.046826397691, 40.9978809711499], [-110.505085472807, 40.9948102171753], [-109.999679397922, 40.99745662057]]]}}, {"type": "Feature", "properties": {"county": "Piute", "fips": 31}, "geometry": {"type": "Polygon", "coordinates": [[[-112.518506749735, 38.5104183680942], [-112.062143331811, 38.5104759469447], [-112.061976767089, 38.5020956104201], [-112.042583839717, 38.5017952164071], [-111.766386018645, 38.5022503719323], [-111.82358048616, 38.4572239530198], [-111.828173707854, 38.4429526254252], [-111.836792833697, 38.4346949673899], [-111.837241990441, 38.428545563638], [-111.848772061149, 38.4249389172321], [-111.843230725165, 38.1512340004691], [-111.951263105787, 38.1512287369348], [-111.951326787357, 38.1460317965884], [-112.024605527153, 38.1455442040576], [-112.061205121446, 38.1457407133269], [-112.061070685869, 38.1494690456947], [-112.44422535803, 38.1500065659146], [-112.432396088145, 38.154722153164], [-112.435024638617, 38.1633460685951], [-112.422465881924, 38.1708301276393], [-112.422752175904, 38.183204595101], [-112.410519302844, 38.1885836503636], [-112.408830973166, 38.1934072975045], [-112.39785674582, 38.199355709146], [-112.395212525137, 38.2059118222924], [-112.364941713835, 38.2151264937314], [-112.357171654937, 38.2246944784845], [-112.37143964151, 38.2348184474039], [-112.371596283441, 38.2382907141903], [-112.379858090008, 38.244371523861], [-112.380844842635, 38.2506231888855], [-112.368429732845, 38.2598436219896], [-112.362525449638, 38.2723361308358], [-112.350709194546, 38.2818036784563], [-112.34701471843, 38.2913041235586], [-112.348615651013, 38.3048981392599], [-112.338791865509, 38.3120678680811], [-112.341597351752, 38.3147258431822], [-112.340876495059, 38.3252680183358], [-112.335392637779, 38.3328329383347], [-112.343619402863, 38.3474236902014], [-112.352342858145, 38.3491572926804], [-112.361932512144, 38.3558727015734], [-112.374162301287, 38.3771193460794], [-112.391390134314, 38.3806334387026], [-112.397845185401, 38.3861844354669], [-112.403804383518, 38.3947599143821], [-112.403874534756, 38.4004589524296], [-112.397667032412, 38.404881276242], [-112.403045173254, 38.4156066549733], [-112.417059890613, 38.4195130661899], [-112.425545383974, 38.406802878143], [-112.436416767694, 38.4020300387181], [-112.445863119744, 38.4076488646407], [-112.452600319983, 38.4287301675496], [-112.458004666479, 38.4339969866527], [-112.4792404643, 38.4480546213151], [-112.494250267058, 38.4524230453902], [-112.501545229461, 38.4660055950105], [-112.509801983004, 38.4675809935669], [-112.513418967748, 38.4758374703152], [-112.519435755961, 38.4793145799928], [-112.510118216933, 38.4887808614684], [-112.518833260391, 38.5000351581913], [-112.51415530421, 38.5022584818195], [-112.518506749735, 38.5104183680942]]]}}, {"type": "Feature", "properties": {"county": "Uintah", "fips": 47}, "geometry": {"type": "Polygon", "coordinates": [[[-109.048974713182, 40.6626561637446], [-109.051236494099, 39.4977448906215], [-109.062973593243, 39.4996217424279], [-109.068518253891, 39.4955560882097], [-109.072864226879, 39.4998807607238], [-109.076763880901, 39.4891968896241], [-109.087578712979, 39.4923394983285], [-109.090269399919, 39.4840993805198], [-109.09609780423, 39.4788612798579], [-109.095877994564, 39.4713616453022], [-109.104307477967, 39.4693776340937], [-109.106907638082, 39.4620996399575], [-109.95336024246, 39.4618074662096], [-109.953360410445, 39.4692762317422], [-110.023968420273, 39.4692745653375], [-110.021109103385, 39.4716607147725], [-110.024470212004, 39.4778115060263], [-110.016547049639, 39.4844664873169], [-110.014675996344, 39.4909020519548], [-110.022334793505, 39.4995355367937], [-110.025428962347, 39.5211457252604], [-110.027407314911, 39.5240230645536], [-110.039697841846, 39.5249587039058], [-110.048242058975, 39.5331562664156], [-110.029532551007, 39.5401782464262], [-110.028707269654, 39.554299442055], [-110.037203125979, 39.5602628406762], [-110.038096580479, 39.566789148857], [-110.031837835537, 39.5773512187779], [-110.022934962438, 39.5799482271377], [-110.018550784999, 39.5861598539844], [-110.02828009738, 39.59449046216], [-110.029075948128, 39.6004663632516], [-110.02381392801, 39.6073375777896], [-110.018039163902, 39.6091990650861], [-110.011314858979, 39.6249683564217], [-109.997226875025, 39.6266901663182], [-110.011385308457, 39.6372092115809], [-110.010542362632, 39.6464779414601], [-109.996018656239, 39.6461911223], [-109.984362413557, 39.6642045361825], [-109.987526773163, 39.6746387808149], [-109.985964465441, 39.6822070984144], [-109.990510204884, 39.684747892228], [-110.003300408017, 39.6825554161448], [-110.005104529637, 39.6871750182426], [-109.994279595105, 39.6933167033697], [-109.993467925025, 39.7035090064103], [-109.977635905066, 39.7041275143395], [-109.970598357603, 39.7094848388016], [-109.978106462375, 39.7153220644089], [-109.983346706431, 39.72559439575], [-109.992892999649, 39.7306105655378], [-109.99287686411, 39.7373318564325], [-109.984894130865, 39.7413303131486], [-109.965326074234, 39.7422342224172], [-109.960706701684, 39.7378051145956], [-109.961488113811, 39.7250855567695], [-109.950523224452, 39.7194142881667], [-109.948312888254, 39.7228315836975], [-109.953924396136, 39.7298244531589], [-109.953816183281, 39.7345897377142], [-109.947396733327, 39.7401088517556], [-109.945087461176, 39.7499582537511], [-109.930359836316, 39.7490215815619], [-109.92098571151, 39.7734191684816], [-109.928551854636, 39.7975140344023], [-109.921131829678, 39.7988282887915], [-109.918378460992, 39.7859456218148], [-109.894048744959, 39.7887291773851], [-109.878870335608, 39.7830839242246], [-109.873906601081, 39.7863469704296], [-109.878311879047, 39.7937416467163], [-109.893485465343, 39.8001942054636], [-109.883091487687, 39.8062421827417], [-109.976756078907, 39.8062362216733], [-109.976413004215, 40.8096917935798], [-109.969753227974, 40.8106257719498], [-109.9629297185, 40.8034075226581], [-109.940938745648, 40.7948345144988], [-109.932178967885, 40.7966905659418], [-109.923423567613, 40.7898079138143], [-109.918536574364, 40.7908432111825], [-109.913403225335, 40.7821154518573], [-109.896795061869, 40.7820434339211], [-109.893247986715, 40.7729786060149], [-109.883130774608, 40.7749665543913], [-109.869399655384, 40.7639642684839], [-109.834354198634, 40.7683404487324], [-109.832058288923, 40.7756274833812], [-109.816413556023, 40.7794587445659], [-109.764871027764, 40.7825713702369], [-109.755655898475, 40.7943632534204], [-109.756259885248, 40.8008052548698], [-109.752603025186, 40.8029466678084], [-109.73185592166, 40.794608567973], [-109.720040919717, 40.801873847012], [-109.702634628274, 40.8035936615781], [-109.67586194113, 40.795173092811], [-109.664530283116, 40.800195167079], [-109.653317111989, 40.7995648660702], [-109.649333966748, 40.8060050912185], [-109.635653487354, 40.810324770429], [-109.631577411396, 40.8159786524837], [-109.620674398893, 40.8125698350956], [-109.614558153704, 40.8181896864359], [-109.599657792696, 40.8154469542958], [-109.580556633637, 40.8254467156126], [-109.571308229852, 40.8190313677452], [-109.571599618178, 40.8134634573071], [-109.553401746578, 40.8215655785894], [-109.528499063497, 40.8275688553683], [-109.513228594795, 40.8103522743223], [-109.511417334265, 40.7945827577441], [-109.518873157087, 40.7823060615863], [-109.514521436678, 40.7715124117481], [-109.516262011474, 40.7545228975092], [-109.484616609803, 40.740392208586], [-109.474238810805, 40.743890254615], [-109.468786422407, 40.7556862712256], [-109.456343214213, 40.7538449620032], [-109.436760727944, 40.7574953527607], [-109.437053122382, 40.7621565094859], [-109.441161064277, 40.7653288887783], [-109.434198342884, 40.7772784349504], [-109.41496406967, 40.7868255771843], [-109.394475680945, 40.791038630099], [-109.394502594471, 40.8581719829912], [-109.202158231886, 40.8584196685579], [-109.201412346332, 40.7857468130629], [-109.163436123392, 40.785960792333], [-109.161038826224, 40.683765689255], [-109.123457323019, 40.6841636350553], [-109.123340577066, 40.6624126941223], [-109.048974713182, 40.6626561637446]]]}}, {"type": "Feature", "properties": {"county": "Iron", "fips": 21}, "geometry": {"type": "Polygon", "coordinates": [[[-114.049989879824, 38.1487684907373], [-112.478822116177, 38.1474243830209], [-112.478992964964, 37.9777307571254], [-112.46702132109, 37.9777301092167], [-112.468300871499, 37.8904897620531], [-112.588517063692, 37.8903674616603], [-112.588559993281, 37.8821519763822], [-112.578470475336, 37.8821559631913], [-112.578551672258, 37.80450112801], [-112.6892972516, 37.8056006424445], [-112.689121260856, 37.7172400267849], [-112.685768722165, 37.7173436304784], [-112.686778075506, 37.6603313639583], [-112.683615067865, 37.6318923667558], [-112.683810337353, 37.5436986580282], [-112.901173258506, 37.5434914316106], [-112.900935699927, 37.5000279201689], [-113.037099842361, 37.4997533221859], [-113.037059962552, 37.4744793036229], [-113.146095094796, 37.4743036023512], [-113.146121750505, 37.4810334934266], [-113.25350158143, 37.4821598788433], [-113.253351958935, 37.5289884354595], [-113.474040806188, 37.529090589231], [-113.474496436192, 37.6182946135563], [-113.587784604419, 37.6182289487687], [-113.587808855339, 37.6046162909422], [-114.052361698075, 37.6047957839757], [-114.051664477854, 37.7519360276821], [-114.048313318077, 37.8094292528157], [-114.049989879824, 38.1487684907373]]]}}, {"type": "Feature", "properties": {"county": "Emery", "fips": 15}, "geometry": {"type": "Polygon", "coordinates": [[[-111.247460489177, 39.7043726479808], [-111.229870855178, 39.6994404571368], [-111.229390991323, 39.6936613222919], [-111.221974667424, 39.6922926595007], [-111.221833737925, 39.6755878627765], [-111.201041968366, 39.6568752535836], [-111.201994041532, 39.6455566184061], [-111.192704860521, 39.6413285258228], [-111.186370893352, 39.6196824349576], [-111.176098866487, 39.6143363745655], [-111.170503397126, 39.6033934736351], [-111.16215994448, 39.5969089046519], [-111.156177636304, 39.5961917602206], [-111.147830169985, 39.6004817298755], [-111.148681546499, 39.6064464398059], [-111.140380596743, 39.6086508008043], [-111.137934429427, 39.6151592415923], [-111.132008662112, 39.6136253475055], [-111.120427750353, 39.5726449595507], [-111.113563796929, 39.5687818726025], [-111.118763408388, 39.5627531718288], [-111.114305022921, 39.5557835252295], [-111.116347166649, 39.5518889650736], [-111.106964502458, 39.5472485592915], [-111.106821275968, 39.5373326204941], [-111.09821971129, 39.5360246704072], [-111.085541531665, 39.5218521078343], [-111.081582419951, 39.4980400299945], [-111.074379696562, 39.4903948690709], [-111.077506646726, 39.4839953005245], [-111.075147332125, 39.4796942833908], [-111.081205071836, 39.4745947075536], [-111.081344422096, 39.4674610779539], [-111.077556058558, 39.4697489419266], [-110.023968420273, 39.4692745653375], [-110.024327374484, 39.4634838126993], [-110.015540750569, 39.4555481960154], [-110.023568447189, 39.4454206035342], [-110.020832178834, 39.4279525164676], [-110.023647523189, 39.4235259258399], [-110.012484764618, 39.4188679025439], [-110.009830840333, 39.4106187997518], [-110.018437863175, 39.3998557514756], [-110.020995519502, 39.3909443076046], [-110.016954442807, 39.3847380430078], [-110.018222277388, 39.3800227382055], [-110.025693406604, 39.3766975867874], [-110.018688380849, 39.362487690736], [-110.023646856639, 39.3590062785208], [-110.022158153279, 39.3521457631305], [-110.032733377722, 39.3502968706647], [-110.035153185772, 39.3401665517312], [-110.04795281403, 39.3260117921521], [-110.052463243393, 39.3262026793026], [-110.055366393576, 39.3307405895718], [-110.058674994768, 39.3297311750978], [-110.055684842751, 39.3187095026202], [-110.061956688723, 39.3098847438781], [-110.051860182784, 39.3068519636463], [-110.049118093345, 39.3012123655481], [-110.070279938258, 39.2918355949577], [-110.077561535526, 39.2768591906273], [-110.07440381447, 39.2714592505094], [-110.060513205656, 39.2642836155345], [-110.063324335116, 39.2494611053066], [-110.053837101636, 39.2293174967834], [-110.062357248407, 39.2233041320667], [-110.07085412971, 39.2285218752244], [-110.07731886733, 39.2268386927851], [-110.073472887646, 39.2008165454626], [-110.080268666127, 39.1929949412055], [-110.089989198374, 39.1934902768437], [-110.0974825043, 39.1902280735632], [-110.104532152968, 39.1821817203975], [-110.105291183569, 39.1784750794744], [-110.098883321882, 39.1680316691769], [-110.112818841071, 39.1598576006543], [-110.116375432079, 39.1531174397236], [-110.110601750441, 39.1451979889775], [-110.102446707748, 39.1426754908969], [-110.099615230548, 39.1364946914412], [-110.112404891998, 39.1287758104487], [-110.115039370452, 39.1221052176838], [-110.109047205062, 39.1133730132561], [-110.117656771034, 39.1023865431548], [-110.117740102353, 39.0957010240176], [-110.142756710677, 39.0872370839935], [-110.139745746491, 39.0819164298704], [-110.145575977077, 39.0749397076833], [-110.139658036783, 39.0705754023981], [-110.139267767301, 39.0594033307721], [-110.148465218643, 39.0408539757863], [-110.156877069913, 39.0350263362638], [-110.139744805955, 39.0243672608924], [-110.143712562157, 39.0191339650053], [-110.153396135917, 39.0164111974476], [-110.150276531277, 39.0106934813439], [-110.140580216711, 39.0092752880096], [-110.137976712168, 39.0053912045705], [-110.142857728926, 39.0009567406805], [-110.15026319399, 39.0021553292208], [-110.150189144963, 38.9972437122526], [-110.133857842268, 38.9943871083559], [-110.133882111153, 39.0017451588901], [-110.096331542334, 39.0016823768946], [-110.096347056239, 38.9862628284346], [-110.059817680556, 38.9862542615114], [-110.059821615177, 38.9935495145462], [-110.041187456098, 38.9935216785737], [-110.041195304679, 38.9789814096946], [-110.022570895016, 38.9789778195829], [-110.022597689964, 38.9644567959075], [-110.003988438473, 38.9644518255759], [-110.00399549474, 38.949917012798], [-110.041209044411, 38.9499375157771], [-110.041210116999, 38.9571976384248], [-110.050517606574, 38.9571883093661], [-110.050516137828, 38.9644581383719], [-110.069144613266, 38.9644539489329], [-110.069124600598, 38.9789892260955], [-110.105699489425, 38.979801710184], [-110.105711364255, 38.9833911249886], [-110.119774377738, 38.9834038952408], [-110.119823409583, 38.9798264726545], [-110.147888309788, 38.9797521167813], [-110.150512265377, 38.9764933411113], [-110.149257618962, 38.9718434387639], [-110.136353585807, 38.961151484015], [-110.149364809535, 38.9551599744877], [-110.152475388802, 38.9502895110701], [-110.139903964965, 38.9434796748856], [-110.134666780571, 38.9338620209517], [-110.135463319428, 38.9262218789804], [-110.143527201086, 38.9238167435569], [-110.173315691641, 38.9270367614384], [-110.178421209066, 38.9199764245317], [-110.176113312235, 38.9121698988076], [-110.179296301103, 38.9080966824029], [-110.166659184368, 38.9004106339355], [-110.159387023903, 38.8902433028381], [-110.161791212945, 38.8631499634479], [-110.152682171099, 38.8625705820777], [-110.142573903517, 38.8692913635805], [-110.137577592484, 38.8673306512295], [-110.137128962153, 38.8567660325081], [-110.145936118861, 38.8397271747573], [-110.1377792993, 38.8348776950132], [-110.120725191466, 38.8322634239596], [-110.119390844723, 38.8274187612838], [-110.12461841894, 38.8210464380701], [-110.112369199237, 38.8186110443976], [-110.106455472042, 38.8112351824835], [-110.105106687576, 38.8006544625856], [-110.118919686441, 38.7955373130393], [-110.121511290103, 38.7912583659814], [-110.10722314803, 38.7773129834268], [-110.090192271527, 38.7698688310564], [-110.081551672355, 38.7548241756104], [-110.084362248452, 38.7514759309074], [-110.101379712209, 38.7475717510996], [-110.113619804131, 38.7306550558587], [-110.107226298421, 38.7146920114893], [-110.120684546293, 38.7122797764687], [-110.123116700788, 38.708080626511], [-110.115572764017, 38.7057799237367], [-110.101013918226, 38.7138739208945], [-110.088245608832, 38.7139642890805], [-110.087082078537, 38.7050653101659], [-110.101101765376, 38.6935399834329], [-110.086747823504, 38.6775413245657], [-110.094050946203, 38.6658965424804], [-110.088691591828, 38.6652285995349], [-110.070832583618, 38.6725632140956], [-110.068608728673, 38.6675576016971], [-110.074218219838, 38.6591537464236], [-110.069188305525, 38.6566176065936], [-110.056477538615, 38.6614180837562], [-110.055676793846, 38.6567526174028], [-110.060022661731, 38.6504749794277], [-110.054737807337, 38.645998670084], [-110.047779688912, 38.6494928170455], [-110.046484108964, 38.6592373373806], [-110.03655351557, 38.6562722465496], [-110.036263690313, 38.651313472884], [-110.045865506602, 38.6426238755907], [-110.049312128548, 38.6344017794978], [-110.041838232521, 38.6214676587189], [-110.042436961454, 38.6170433266347], [-110.04929659488, 38.6154816694569], [-110.065185335364, 38.6197370420681], [-110.069003659513, 38.614896672457], [-110.064883874229, 38.6084520010598], [-110.053327038218, 38.6051734391265], [-110.024530349721, 38.6089336007906], [-110.013767119567, 38.624154175798], [-109.998884690729, 38.6167418663747], [-109.99560444396, 38.5982714002037], [-110.000173052713, 38.5892943388478], [-110.015919496463, 38.588112101912], [-110.027338342264, 38.6017115870457], [-110.033604455188, 38.6045886676564], [-110.051598343641, 38.5916689219142], [-110.058829465471, 38.5813277700615], [-110.054906831646, 38.5780609477296], [-110.044493467448, 38.5784684366125], [-110.036773804037, 38.5711002501517], [-110.023650858634, 38.5772096076836], [-110.014312989833, 38.5611625618427], [-109.998087210437, 38.5687703775015], [-109.990771609241, 38.5673918169866], [-109.988632734923, 38.5598891244119], [-110.000494207614, 38.5507945312097], [-110.005769506628, 38.5423053238125], [-109.994348405157, 38.5248736410262], [-110.00067503848, 38.5219719441572], [-110.01236178256, 38.5246710057414], [-110.013527055587, 38.5157816790902], [-110.018210301048, 38.5130003434118], [-110.035591490867, 38.5186915557327], [-110.044975433361, 38.5151547281951], [-110.043850620454, 38.506971819627], [-110.025290586759, 38.4999878401378], [-111.305712414817, 38.5000040864328], [-111.307022414521, 38.6723373600531], [-111.299149543439, 38.6723350505284], [-111.298443013976, 38.7518100945971], [-111.300916716452, 39.4672433041127], [-111.247759703625, 39.467204887601], [-111.247460489177, 39.7043726479808]]]}}, {"type": "Feature", "properties": {"county": "Wayne", "fips": 55}, "geometry": {"type": "Polygon", "coordinates": [[[-111.756313495927, 38.510153089217], [-111.305676158812, 38.5101748708982], [-111.305712414817, 38.5000040864328], [-110.025290586759, 38.4999878401378], [-110.019524040439, 38.4927527636916], [-110.001976922804, 38.4816776932237], [-110.00327289262, 38.4704067849702], [-110.011394358085, 38.457402975628], [-110.010751668296, 38.4494941181301], [-110.018553304773, 38.4462929164838], [-110.035497257594, 38.4599605079116], [-110.043937881004, 38.4561095168474], [-110.044318046236, 38.4490112277718], [-110.038788520403, 38.4463489298142], [-110.026588144797, 38.4474323660412], [-110.006657562253, 38.4229554237283], [-110.003126054902, 38.4141027417117], [-110.017800463565, 38.4050164209366], [-110.023828809501, 38.3944867173545], [-110.031455890743, 38.3922924853427], [-110.032662099997, 38.3859850302566], [-110.010254554991, 38.3776105663968], [-110.009403778552, 38.372416967452], [-110.016121495231, 38.3653810756266], [-110.013071681603, 38.3640667207475], [-110.002534269048, 38.3691504412312], [-109.986022457083, 38.3875599756371], [-109.976681984964, 38.3889928141605], [-109.972673010464, 38.384641011843], [-109.972896966752, 38.3764961444192], [-109.979368440839, 38.3652651382165], [-109.986995919135, 38.360041239878], [-109.983213231153, 38.3514425664909], [-109.963320215256, 38.3396022979135], [-109.955538878009, 38.3437013092422], [-109.95268076127, 38.354958856266], [-109.940939748168, 38.3532943133929], [-109.947955683063, 38.3382353145757], [-109.964998782942, 38.3318036858092], [-109.963442931412, 38.3197453307351], [-109.946379479303, 38.309197863767], [-109.949641756173, 38.2907793855783], [-109.928237893444, 38.2805418074844], [-109.936165909407, 38.2657124339445], [-109.934984839505, 38.2620518071321], [-109.925701410408, 38.2602548721511], [-109.909412944775, 38.2710137654427], [-109.904548418391, 38.2668544228758], [-109.902027086341, 38.2562776754418], [-109.917595271998, 38.2465450179891], [-109.918356312131, 38.2430012498072], [-109.912525865051, 38.2385719681723], [-109.898910503633, 38.2427843568222], [-109.88848836559, 38.2289380895078], [-109.916275773509, 38.2272738630737], [-109.920435941658, 38.2205981297409], [-109.909033913217, 38.2107325111457], [-109.897929051066, 38.2067355128325], [-109.887966601615, 38.2080519651133], [-109.889566457118, 38.2031870128546], [-109.902188182119, 38.1946404951387], [-109.903990105561, 38.1902278282122], [-109.899750378118, 38.1877909230344], [-109.888557234931, 38.1902404550661], [-109.885180412981, 38.187410149324], [-109.888154438442, 38.1821842306572], [-109.903539859161, 38.1783680423742], [-109.913854803936, 38.1676266841679], [-109.93092557462, 38.1587845848013], [-109.932684426539, 38.1570657186104], [-109.927974162449, 38.1517506274761], [-111.303567152579, 38.1538398102062], [-111.414110365742, 38.1537864314797], [-111.414162605471, 38.1500665624289], [-111.843230725165, 38.1512340004691], [-111.848772061149, 38.4249389172321], [-111.837241990441, 38.428545563638], [-111.836792833697, 38.4346949673899], [-111.828173707854, 38.4429526254252], [-111.82358048616, 38.4572239530198], [-111.756313495927, 38.510153089217]]]}}, {"type": "Feature", "properties": {"county": "San Juan", "fips": 37}, "geometry": {"type": "Polygon", "coordinates": [[[-109.045183070793, 36.9989824582355], [-110.469743558538, 36.9976631951835], [-110.490309844673, 37.0036336069302], [-111.150586868725, 37.0009556552119], [-111.413012002831, 37.0015071212582], [-111.403494417074, 37.0051937388878], [-111.368152902556, 37.0020365832965], [-111.345142810777, 37.0087403029623], [-111.328195494664, 37.0211831297023], [-111.314414322211, 37.0120167721093], [-111.306238858116, 37.0125519682766], [-111.303411161926, 37.0163497748103], [-111.3062110328, 37.0266279715982], [-111.28533852446, 37.0371095994504], [-111.281661783783, 37.0417247120906], [-111.285619783383, 37.044653923036], [-111.298879944649, 37.043652221103], [-111.303002768035, 37.0468328353328], [-111.305778236175, 37.0574842419025], [-111.304409432752, 37.0639609332099], [-111.300067277604, 37.0667438932993], [-111.268182974373, 37.0540650123071], [-111.249514968571, 37.023709361906], [-111.239785106421, 37.0220707755841], [-111.229880842647, 37.038897656622], [-111.232721560816, 37.0430522404479], [-111.244559949499, 37.0456516030291], [-111.247849735478, 37.0492414960006], [-111.240271872931, 37.0677364402796], [-111.233296352342, 37.0691881462634], [-111.225668890215, 37.0576150006646], [-111.218216120767, 37.0566775713704], [-111.176555501706, 37.1031077789062], [-111.166083108312, 37.1055116880259], [-111.151332839619, 37.0913294441679], [-111.139159482641, 37.0886130245508], [-111.13417827139, 37.09056585056], [-111.127348053298, 37.1039821180901], [-111.121738658253, 37.1080489350565], [-111.100161494337, 37.1026470434187], [-111.09235976174, 37.1051187790464], [-111.076697921323, 37.1027907401567], [-111.065402003681, 37.1078725414385], [-111.061174483445, 37.1062477228346], [-111.057635363771, 37.0994392121352], [-111.052639505489, 37.0989142000674], [-111.046479471023, 37.1010351295839], [-111.040855387626, 37.1084559448192], [-111.019190377457, 37.1117651576334], [-111.01337199026, 37.1157051869985], [-110.999346980903, 37.1113069806871], [-110.988389751479, 37.1119058619916], [-110.981888534173, 37.1168133099345], [-110.984633557509, 37.1242053801903], [-110.981266838013, 37.1273770066981], [-110.957722574728, 37.1248703979841], [-110.950652687915, 37.1338954202213], [-110.955696349146, 37.143993337467], [-110.954492782735, 37.151253823546], [-110.949835160819, 37.152865485135], [-110.941555965564, 37.1480796585501], [-110.935828378279, 37.1484552917582], [-110.925350937251, 37.1602090730336], [-110.925080172448, 37.1777901420759], [-110.902945269724, 37.1723475541291], [-110.902377729399, 37.184457606006], [-110.890439966385, 37.1930691921058], [-110.889383471254, 37.202835014291], [-110.898151686892, 37.2147054451629], [-110.87965934305, 37.2234948676633], [-110.875051432105, 37.2288985446257], [-110.888335675408, 37.248557963704], [-110.881133588924, 37.2537385350304], [-110.864123989918, 37.2562757159105], [-110.860740607571, 37.2601162684176], [-110.861390952802, 37.264624043457], [-110.873267468681, 37.2777256979092], [-110.873054662282, 37.2868972090783], [-110.847462273387, 37.2926404495714], [-110.838595076879, 37.3002184520068], [-110.840790923251, 37.3183764233911], [-110.867246064027, 37.3278367310592], [-110.873274311149, 37.3375242893273], [-110.873260186039, 37.34592973943], [-110.865536031052, 37.3499774639825], [-110.857408769657, 37.3488096615276], [-110.804505962089, 37.3209306713419], [-110.777371728196, 37.3229072579441], [-110.767930460611, 37.3320193087338], [-110.759065994084, 37.333024667726], [-110.751691506524, 37.3528489824397], [-110.743058137892, 37.3452318487055], [-110.735782041009, 37.3463966402712], [-110.735745003469, 37.3585742925195], [-110.725283026939, 37.3662527935068], [-110.722460122363, 37.372267447837], [-110.74465568203, 37.3882268549929], [-110.752928923252, 37.3990249449706], [-110.753283737128, 37.4045241008921], [-110.743963780734, 37.4076500982878], [-110.725025143978, 37.399770080601], [-110.717535084563, 37.4010729456144], [-110.707748282699, 37.4103784233233], [-110.699480360403, 37.4320898617431], [-110.709101559641, 37.4373734465546], [-110.726086174702, 37.4357329644964], [-110.745765255018, 37.4526731664129], [-110.747582996894, 37.4584864005963], [-110.726016426809, 37.459510998194], [-110.725641763758, 37.4723050662256], [-110.718058231046, 37.481512710799], [-110.667608275157, 37.4776589104593], [-110.640197825485, 37.4860199022978], [-110.639807911736, 37.4892501040385], [-110.644657380559, 37.4923339332348], [-110.667677846981, 37.4961686326916], [-110.663924286872, 37.5183675639755], [-110.659833565681, 37.5270719967121], [-110.636640084633, 37.553529819726], [-110.622198112355, 37.5627729322563], [-110.606109371855, 37.5647123388823], [-110.599707430964, 37.5686964089575], [-110.59834543767, 37.5766606177727], [-110.604178580594, 37.5976916413236], [-110.602971384989, 37.603374177461], [-110.567389086042, 37.613745255854], [-110.563276431585, 37.6378950537269], [-110.559039922806, 37.6422643074209], [-110.537797498114, 37.6332372157357], [-110.532250584491, 37.6358112104147], [-110.524265098807, 37.6492542690125], [-110.513564806419, 37.6569395802958], [-110.501539674158, 37.6504673704393], [-110.4982436386, 37.651737799313], [-110.494470697338, 37.6664810263679], [-110.48633758342, 37.6743685908851], [-110.484423776606, 37.6821837859489], [-110.483551276208, 37.6951590994324], [-110.488351158027, 37.7023230423214], [-110.470385865645, 37.7129649805649], [-110.467277856458, 37.7255424649735], [-110.450216634866, 37.7347702715358], [-110.445279503047, 37.7606645450325], [-110.426092856713, 37.7753803643589], [-110.429435363019, 37.7792812556073], [-110.445775682105, 37.7725236823266], [-110.462000372742, 37.7711297312715], [-110.469588325166, 37.7786405379155], [-110.47696082116, 37.8000165861468], [-110.469677624891, 37.8090467026266], [-110.437481060979, 37.8069775682461], [-110.431475675981, 37.8368126235008], [-110.42425421643, 37.8431506567737], [-110.406237756907, 37.8485095650749], [-110.4027414186, 37.8521782043893], [-110.404220558496, 37.8809461322431], [-110.388332519596, 37.8880930401543], [-110.362114584361, 37.892564003537], [-110.303443143687, 37.8904973540685], [-110.294775003964, 37.885947401658], [-110.291092841056, 37.8690891545185], [-110.283272889727, 37.8659233355473], [-110.277015241627, 37.8710593958487], [-110.27829869881, 37.8857619190724], [-110.269488304574, 37.8975505063899], [-110.261805176544, 37.8992690952846], [-110.215476486363, 37.892498190405], [-110.208795058927, 37.8940712765954], [-110.198407386546, 37.9159247000261], [-110.205779275279, 37.9344509265696], [-110.201861424983, 37.9468575423511], [-110.168013236556, 37.9650180461483], [-110.161065486485, 37.982322665054], [-110.145493562039, 37.9907050098314], [-110.136075683889, 38.0052592361923], [-110.113566922107, 38.0082145911736], [-110.093304079689, 37.9946898689309], [-110.078386851015, 37.9981735545703], [-110.073974154761, 38.0080852047068], [-110.076800587022, 38.0215857625341], [-110.064780084678, 38.0422791340387], [-110.055539664221, 38.0483509042527], [-110.045685968411, 38.0502720997064], [-110.042822298287, 38.0587250833772], [-110.047018207707, 38.0704934533335], [-110.026040256915, 38.0972281694691], [-110.010099699809, 38.1096853026858], [-110.003603146556, 38.1084677844902], [-109.994144068973, 38.1003886709913], [-109.986882967666, 38.1005200518818], [-109.978552439082, 38.1098793957628], [-109.964673406857, 38.1137323652715], [-109.956149558129, 38.1303523236998], [-109.934376590227, 38.1360779139018], [-109.92928772038, 38.1403575449204], [-109.927236531515, 38.1491258210971], [-109.932684426539, 38.1570657186104], [-109.93092557462, 38.1587845848013], [-109.913854803936, 38.1676266841679], [-109.903539859161, 38.1783680423742], [-109.887166442547, 38.1829589333439], [-109.886661334236, 38.1898890402326], [-109.90095439189, 38.1878337430774], [-109.904019883814, 38.1909076276915], [-109.887803753223, 38.2078701788666], [-109.897929051066, 38.2067355128325], [-109.909033913217, 38.2107325111457], [-109.920435941658, 38.2205981297409], [-109.916275773509, 38.2272738630737], [-109.88848836559, 38.2289380895078], [-109.898910503633, 38.2427843568222], [-109.912525865051, 38.2385719681723], [-109.918356312131, 38.2430012498072], [-109.917595271998, 38.2465450179891], [-109.902027086341, 38.2562776754418], [-109.904275371867, 38.2663877499958], [-109.909412944775, 38.2710137654427], [-109.925701410408, 38.2602548721511], [-109.934984839505, 38.2620518071321], [-109.936165909407, 38.2657124339445], [-109.928237893444, 38.2805418074844], [-109.949641756173, 38.2907793855783], [-109.946379479303, 38.309197863767], [-109.963442931412, 38.3197453307351], [-109.964998782942, 38.3318036858092], [-109.947955683063, 38.3382353145757], [-109.940939748168, 38.3532943133929], [-109.95268076127, 38.354958856266], [-109.955538878009, 38.3437013092422], [-109.963320215256, 38.3396022979135], [-109.983213231153, 38.3514425664909], [-109.986995919135, 38.360041239878], [-109.979368440839, 38.3652651382165], [-109.972896966752, 38.3764961444192], [-109.972673010464, 38.384641011843], [-109.976681984964, 38.3889928141605], [-109.986022457083, 38.3875599756371], [-110.002534269048, 38.3691504412312], [-110.013071681603, 38.3640667207475], [-110.016121495231, 38.3653810756266], [-110.009403778552, 38.372416967452], [-110.010254554991, 38.3776105663968], [-110.032662099997, 38.3859850302566], [-110.031455890743, 38.3922924853427], [-110.023828809501, 38.3944867173545], [-110.017800463565, 38.4050164209366], [-110.003126054902, 38.4141027417117], [-110.006657562253, 38.4229554237283], [-110.026588144797, 38.4474323660412], [-110.038788520403, 38.4463489298142], [-110.044318046236, 38.4490112277718], [-110.043937881004, 38.4561095168474], [-110.035497257594, 38.4599605079116], [-110.018553304773, 38.4462929164838], [-110.010751668296, 38.4494941181301], [-110.011394358085, 38.457402975628], [-110.00327289262, 38.4704067849702], [-110.001976922804, 38.4816776932237], [-110.019524040439, 38.4927527636916], [-110.025290586759, 38.4999878401378], [-109.060129709411, 38.5000279669121], [-109.0601981799, 38.2755335807632], [-109.042582482182, 38.1571944842954], [-109.041582466828, 37.5621434364087], [-109.045647010213, 37.3604719665073], [-109.045183070793, 36.9989824582355]]]}}, {"type": "Feature", "properties": {"county": "Morgan", "fips": 29}, "geometry": {"type": "Polygon", "coordinates": [[[-111.5108886974, 40.8104325952533], [-111.519436795251, 40.7916952212855], [-111.527596500201, 40.7855910568548], [-111.554101525322, 40.7800375747699], [-111.557989929742, 40.7807566364042], [-111.559594388213, 40.7848297250037], [-111.581474929371, 40.7892753421254], [-111.587908387653, 40.7936929407046], [-111.593982321294, 40.8048909076521], [-111.6110455084, 40.8110626890296], [-111.641063224761, 40.7989311664009], [-111.642503439757, 40.8058065246208], [-111.63897819007, 40.8096997384554], [-111.645548774384, 40.823995595449], [-111.651769205281, 40.8240462012306], [-111.656813922931, 40.8305351861611], [-111.665758920729, 40.8307947033412], [-111.660458172443, 40.8452025872466], [-111.663834736577, 40.8501243082433], [-111.695574110112, 40.8618013124885], [-111.700987095706, 40.861570360013], [-111.706872436138, 40.8526476923706], [-111.712372905064, 40.8516859927415], [-111.738384026561, 40.8607649998441], [-111.746680508995, 40.8710351481679], [-111.768678236281, 40.8722328853195], [-111.762156242739, 40.8876758762157], [-111.770410332777, 40.8879498372235], [-111.774760350879, 40.8956498102583], [-111.78146129691, 40.895604599122], [-111.776081314521, 40.9004963917087], [-111.78214106017, 40.9119905371533], [-111.793643831975, 40.9156638827652], [-111.791059051017, 40.9279508643629], [-111.815425662656, 40.957436118256], [-111.814346511115, 40.9600290918499], [-111.808649491703, 40.9571820714593], [-111.794109799791, 40.9610305379306], [-111.782545021773, 40.9568037029], [-111.775034075631, 40.9602550300477], [-111.793426340861, 40.9863121365184], [-111.804184287124, 40.9949799783811], [-111.806256725638, 41.0018206783655], [-111.820647570301, 41.0067816741294], [-111.82550719368, 41.0183719116044], [-111.838260844365, 41.0229865779643], [-111.839490043304, 41.0311749677151], [-111.833557394895, 41.0371002876937], [-111.839537973814, 41.0405655091168], [-111.83877693458, 41.0448138370877], [-111.844171846969, 41.0498594771918], [-111.844353011111, 41.0593751206519], [-111.851807676903, 41.0666572758376], [-111.848322797505, 41.0756459357775], [-111.852002183721, 41.0826450115094], [-111.85084462363, 41.0879682663957], [-111.855140990749, 41.0924269280276], [-111.851527375585, 41.0975071538431], [-111.856515198436, 41.1028884598359], [-111.853948178969, 41.1084428926209], [-111.85602437244, 41.1123189100776], [-111.849225129157, 41.1156796431509], [-111.84489240093, 41.1238006103725], [-111.848927158876, 41.1336886491756], [-111.857246880727, 41.1371626332669], [-111.854642693464, 41.1545401587259], [-111.870477757813, 41.160988300764], [-111.87660779304, 41.1697505736945], [-111.868832151112, 41.180781924269], [-111.872961597777, 41.1878272337058], [-111.858018745558, 41.197725607344], [-111.839602855534, 41.1994151897865], [-111.828331543646, 41.2050095859477], [-111.817628977621, 41.2047032415301], [-111.806137216467, 41.2158863625646], [-111.780993835195, 41.2186854066677], [-111.773681412239, 41.2181222401885], [-111.764185995107, 41.2111010144238], [-111.764648249287, 41.2077740667392], [-111.754780422978, 41.2147301366336], [-111.748202615311, 41.2143001538373], [-111.745222767868, 41.2034740727572], [-111.727672880727, 41.1970781483631], [-111.71693569992, 41.1863360784778], [-111.698632363411, 41.1818365383373], [-111.67808250387, 41.1812207151305], [-111.667374319782, 41.1874311321258], [-111.656896794313, 41.1861392890407], [-111.641672122623, 41.1985712955564], [-111.624437502824, 41.2003144714853], [-111.622772097255, 41.2058002628526], [-111.611294743281, 41.2105908766131], [-111.606636492544, 41.2241227537608], [-111.609130169959, 41.2292800759346], [-111.591270354163, 41.2407590375697], [-111.58339625688, 41.2383265603767], [-111.560136295111, 41.2402165994803], [-111.535567447549, 41.2361673837937], [-111.526134650179, 41.2287577966597], [-111.506757486444, 41.2310597287343], [-111.496816832816, 41.2269585420611], [-111.491253086561, 41.2376170583962], [-111.494567287851, 41.2411429441245], [-111.477340941537, 41.2452826757377], [-111.478108069552, 41.2506481473738], [-111.471520155838, 41.2515580798134], [-111.470979017897, 41.255983125664], [-111.464292509589, 41.258230705354], [-111.466742787596, 41.2620310941429], [-111.458093460393, 41.2679479176458], [-111.457941846332, 41.2735873892734], [-111.445148345483, 41.2779883206829], [-111.446133722789, 41.2850420887875], [-111.439997033741, 41.2897047002799], [-111.442851311081, 41.2923465372398], [-111.439088546833, 41.2949236540208], [-111.449372860854, 41.3159125011889], [-111.437499394756, 41.3234211251148], [-111.438165923138, 41.3381911967027], [-111.434421999257, 41.3422273149339], [-111.426217020115, 41.3431947900171], [-111.420739881335, 41.3613158276113], [-111.404742258751, 41.3621748823638], [-111.403459482491, 41.3693539697359], [-111.396291037017, 41.3732926930488], [-111.383601071496, 41.3738941663136], [-111.368200364146, 41.3656664551291], [-111.36714957691, 41.3616614103308], [-111.34792183894, 41.3623021387816], [-111.339647469434, 41.3552558462638], [-111.331870001231, 41.3574358707482], [-111.327120732292, 41.353242889507], [-111.327111841665, 41.3454963159942], [-111.318395139019, 41.3436606736441], [-111.305367938754, 41.3336839250351], [-111.295080720479, 41.3302563036656], [-111.293501276495, 41.3204869726556], [-111.296831424678, 41.3184066563362], [-111.292382411334, 41.3094148149133], [-111.28447405051, 41.3094526461415], [-111.285811230539, 41.3051616480066], [-111.261844212895, 41.2966793069798], [-111.259450956349, 41.2910377565259], [-111.261280578445, 41.2871323514372], [-111.27728985128, 41.2773890176816], [-111.273932402397, 41.2651644617135], [-111.280904462676, 41.2612797071432], [-111.276679773031, 41.2570463530428], [-111.277073683385, 41.2446145966424], [-111.269441186201, 41.2372732976053], [-111.281231453931, 41.2303585968332], [-111.282509719749, 41.2265586518862], [-111.254355704871, 41.2291059497515], [-111.252830902711, 41.2235514498019], [-111.256506146796, 41.2175891115622], [-111.252325556347, 41.2146842955159], [-111.233877932437, 41.2182678432001], [-111.222093192939, 41.2153095617527], [-111.221487967389, 41.2127119496034], [-111.231687416667, 41.2026570760815], [-111.230467835092, 41.1949937840979], [-111.225690567461, 41.1912109077408], [-111.235663465218, 41.1839215290608], [-111.233028495385, 41.1772339853434], [-111.242727595627, 41.1643821137808], [-111.264995821814, 41.1440605654542], [-111.290594321049, 41.1432016277649], [-111.308249353299, 41.1307291918745], [-111.332400401609, 41.1381071592536], [-111.345642882234, 41.1287719229593], [-111.366927089367, 41.1299492046078], [-111.367613345651, 41.1194932104852], [-111.375445388304, 41.1121714477873], [-111.378369126076, 41.0986317953732], [-111.381540189808, 41.0971791481041], [-111.380671638405, 41.0869902925217], [-111.390696050051, 41.0849028977822], [-111.396007449661, 41.0801915558085], [-111.400305896381, 41.081307217758], [-111.412968496523, 41.0739614790027], [-111.422583836051, 41.0763092581674], [-111.424054376374, 41.0800737384761], [-111.447043927276, 41.082045187281], [-111.454469661028, 41.0746880673899], [-111.466567466995, 41.0709824373077], [-111.473976357335, 41.0642411735294], [-111.490228549895, 41.0610563808742], [-111.49445272211, 41.064128110075], [-111.500060902632, 41.06130239323], [-111.507668573975, 41.0632013659128], [-111.512726298332, 41.0585398052845], [-111.523692431857, 41.0562249568754], [-111.55510392211, 41.0321884193843], [-111.55297763229, 41.0297169005067], [-111.557564738253, 41.0235287304367], [-111.553396018142, 41.0207247669096], [-111.554455968194, 41.0166344762692], [-111.56869427443, 41.0030393498952], [-111.566639112317, 41.0004911491165], [-111.592992622192, 40.993021430329], [-111.593693731221, 40.9863562670893], [-111.587664236339, 40.9787256871494], [-111.58804335683, 40.9658690294522], [-111.583796412322, 40.9613360517109], [-111.577613855295, 40.95837825838], [-111.573615836648, 40.9610502445133], [-111.560576072545, 40.9599027750078], [-111.550954275928, 40.9538956126215], [-111.533439538067, 40.9582478890305], [-111.524772214914, 40.9537475040001], [-111.523604052905, 40.9459066162179], [-111.528765159876, 40.918961786037], [-111.516619482687, 40.9177016231639], [-111.509951480573, 40.9116912226568], [-111.510367724841, 40.898492167289], [-111.502303461399, 40.8935324406017], [-111.498609256574, 40.8845356015527], [-111.48617069267, 40.8731300399221], [-111.481681822873, 40.8647034991945], [-111.480538406755, 40.8550827782834], [-111.488197667447, 40.854383994593], [-111.499860130963, 40.8322669843579], [-111.510069117654, 40.8210752321412], [-111.516933866986, 40.8193916245066], [-111.516368850926, 40.8130476848736], [-111.5108886974, 40.8104325952533]]]}}, {"type": "Feature", "properties": {"county": "Kane", "fips": 25}, "geometry": {"type": "Polygon", "coordinates": [[[-112.361170451525, 37.5368590023949], [-111.840820627903, 37.5357952026695], [-111.84081979786, 37.5397129542636], [-110.646730548504, 37.5405663251914], [-110.66181291807, 37.5235804091397], [-110.66811524927, 37.4970270588126], [-110.644657380559, 37.4923339332348], [-110.639270478447, 37.4880992255389], [-110.643128260197, 37.4844243618585], [-110.666485970347, 37.4777368704347], [-110.718058231046, 37.481512710799], [-110.725641763758, 37.4723050662256], [-110.726016426809, 37.459510998194], [-110.747355689889, 37.458832041283], [-110.745765255018, 37.4526731664129], [-110.726086174702, 37.4357329644964], [-110.709101559641, 37.4373734465546], [-110.699480360403, 37.4320898617431], [-110.707748282699, 37.4103784233233], [-110.717535084563, 37.4010729456144], [-110.725025143978, 37.399770080601], [-110.743963780734, 37.4076500982878], [-110.753283737128, 37.4045241008921], [-110.752928923252, 37.3990249449706], [-110.74465568203, 37.3882268549929], [-110.722460122363, 37.372267447837], [-110.725283026939, 37.3662527935068], [-110.735614271646, 37.3588227828022], [-110.736614360662, 37.3456873010365], [-110.743993902143, 37.3456214747905], [-110.751691506524, 37.3528489824397], [-110.759065994084, 37.333024667726], [-110.767930460611, 37.3320193087338], [-110.777371728196, 37.3229072579441], [-110.804505962089, 37.3209306713419], [-110.857408769657, 37.3488096615276], [-110.865536031052, 37.3499774639825], [-110.872547471676, 37.3467717732417], [-110.873583067502, 37.338534177075], [-110.867674336737, 37.3282112888503], [-110.840790923251, 37.3183764233911], [-110.838595076879, 37.3002184520068], [-110.847462273387, 37.2926404495714], [-110.873054662282, 37.2868972090783], [-110.873267468681, 37.2777256979092], [-110.861390952802, 37.264624043457], [-110.860740607571, 37.2601162684176], [-110.864123989918, 37.2562757159105], [-110.881133588924, 37.2537385350304], [-110.888335675408, 37.248557963704], [-110.875051432105, 37.2288985446257], [-110.87965934305, 37.2234948676633], [-110.898151686892, 37.2147054451629], [-110.889383471254, 37.202835014291], [-110.890439966385, 37.1930691921058], [-110.902377729399, 37.184457606006], [-110.902945269724, 37.1723475541291], [-110.925080172448, 37.1777901420759], [-110.925350937251, 37.1602090730336], [-110.935828378279, 37.1484552917582], [-110.941555965564, 37.1480796585501], [-110.949835160819, 37.152865485135], [-110.954492782735, 37.151253823546], [-110.955696349146, 37.143993337467], [-110.950652687915, 37.1338954202213], [-110.957722574728, 37.1248703979841], [-110.981266838013, 37.1273770066981], [-110.984633557509, 37.1242053801903], [-110.981888534173, 37.1168133099345], [-110.988389751479, 37.1119058619916], [-110.999346980903, 37.1113069806871], [-111.01337199026, 37.1157051869985], [-111.019190377457, 37.1117651576334], [-111.040855387626, 37.1084559448192], [-111.046479471023, 37.1010351295839], [-111.052639505489, 37.0989142000674], [-111.057635363771, 37.0994392121352], [-111.061174483445, 37.1062477228346], [-111.065402003681, 37.1078725414385], [-111.076697921323, 37.1027907401567], [-111.09235976174, 37.1051187790464], [-111.100161494337, 37.1026470434187], [-111.121738658253, 37.1080489350565], [-111.127348053298, 37.1039821180901], [-111.13417827139, 37.09056585056], [-111.139159482641, 37.0886130245508], [-111.151332839619, 37.0913294441679], [-111.166083108312, 37.1055116880259], [-111.176555501706, 37.1031077789062], [-111.218216120767, 37.0566775713704], [-111.225668890215, 37.0576150006646], [-111.233296352342, 37.0691881462634], [-111.240271872931, 37.0677364402796], [-111.247849735478, 37.0492414960006], [-111.244559949499, 37.0456516030291], [-111.232721560816, 37.0430522404479], [-111.229880842647, 37.038897656622], [-111.241677449788, 37.0214494519538], [-111.249825343688, 37.0240782979743], [-111.267917960584, 37.0538627886653], [-111.299757977771, 37.0667545907655], [-111.305219197505, 37.0611238550073], [-111.303002768035, 37.0468328353328], [-111.298879944649, 37.043652221103], [-111.285619783383, 37.044653923036], [-111.281661783783, 37.0417247120906], [-111.28533852446, 37.0371095994504], [-111.3062110328, 37.0266279715982], [-111.303411161926, 37.0163497748103], [-111.305493212413, 37.0130181302738], [-111.313941494859, 37.0118422431798], [-111.323857756532, 37.0202575532291], [-111.329397658805, 37.0210130334952], [-111.345142810777, 37.0087403029623], [-111.371438196061, 37.0015891508497], [-111.403494417074, 37.0051937388878], [-111.413012002831, 37.0015071212582], [-112.899213201929, 37.0003109302051], [-112.901173258506, 37.5434914316106], [-112.36116706308, 37.5428045211349], [-112.361170451525, 37.5368590023949]]]}}, {"type": "Feature", "properties": {"county": "Salt Lake", "fips": 35}, "geometry": {"type": "Polygon", "coordinates": [[[-111.807603394572, 40.4894216659229], [-111.826318424484, 40.4863356242114], [-111.826321521875, 40.4827302407578], [-111.834788765062, 40.4817759792293], [-111.836227040595, 40.4749166526331], [-111.846159466553, 40.4766179452085], [-111.857724621863, 40.4693844903424], [-111.865500436267, 40.4702904772678], [-111.873633253742, 40.476972449164], [-111.892390460455, 40.4640905641497], [-111.900892190864, 40.4634570510286], [-111.907552238397, 40.4535086639854], [-111.914865787841, 40.4522438157948], [-111.919126628387, 40.4431992032018], [-111.94602653584, 40.4248211757984], [-111.957358633131, 40.4219981794821], [-111.960052835178, 40.4183992864832], [-111.967984686049, 40.4197358391071], [-111.981973203144, 40.4141746673338], [-111.992258275343, 40.4200507665336], [-111.992787876221, 40.4243236586103], [-112.0064821205, 40.4265358518235], [-112.009081411945, 40.432682493101], [-112.006609145875, 40.4352130263729], [-112.010715195918, 40.4372321283702], [-112.016364799555, 40.4350168552755], [-112.021350249956, 40.438798991318], [-112.024809791472, 40.4443998252302], [-112.02035008099, 40.4472770747343], [-112.031487127981, 40.450552950483], [-112.0326458999, 40.4609991852743], [-112.035773713345, 40.4642179864117], [-112.046680103514, 40.4568135605173], [-112.059482865096, 40.4529483338692], [-112.06680062674, 40.4463955542128], [-112.093436463635, 40.4478628429683], [-112.11200562601, 40.4389200914589], [-112.114793036352, 40.4507020250369], [-112.143228408967, 40.4704427267732], [-112.156027619508, 40.467235308292], [-112.160067896703, 40.461014799402], [-112.171977994302, 40.465497228556], [-112.171857247253, 40.4722577336321], [-112.176291406954, 40.4767801288343], [-112.181421442098, 40.4933669461847], [-112.18059365175, 40.4975734727343], [-112.175877135386, 40.5001575198316], [-112.187661305352, 40.5139050040485], [-112.178754081712, 40.5219157594657], [-112.182800916608, 40.540986298611], [-112.178245969434, 40.556256558504], [-112.182919071119, 40.5621959356286], [-112.183636205194, 40.5733998128905], [-112.181480217071, 40.5803891403816], [-112.17496889282, 40.5853256092903], [-112.177549443611, 40.5960961183035], [-112.175348855032, 40.6039875224227], [-112.197686017934, 40.6254677133237], [-112.194161323407, 40.6356126737175], [-112.197989662873, 40.6484083271779], [-112.202937895173, 40.6539871814987], [-112.20137808926, 40.6720041372229], [-112.204376335997, 40.6786517594657], [-112.199168848109, 40.6991199673549], [-112.207688013021, 40.7157273108064], [-112.227452050606, 40.7253064109446], [-112.260169089411, 40.7691251683749], [-112.148282375671, 40.8461388959166], [-112.006550784127, 40.9218661344894], [-111.958683509834, 40.921828140316], [-111.959277878345, 40.896333593267], [-111.966159002168, 40.8916588056937], [-111.971980502027, 40.876107986431], [-111.969676572157, 40.8715866895157], [-111.963698532774, 40.8702524843893], [-111.967036323824, 40.858072099446], [-111.96551350694, 40.8518148824406], [-111.962040159216, 40.8474231823943], [-111.953770113302, 40.8486282206214], [-111.944041274333, 40.834433201145], [-111.946301301739, 40.8217967446005], [-111.870514204261, 40.8217472404138], [-111.858268831144, 40.8242847606268], [-111.853666546347, 40.8292861197773], [-111.844073915332, 40.8322357770843], [-111.835705927899, 40.8307688813565], [-111.821779005588, 40.8343380510463], [-111.812627730346, 40.8400961623825], [-111.804398476031, 40.838356670748], [-111.789236230965, 40.8455599904161], [-111.778542543889, 40.8445831845195], [-111.760157375349, 40.8530250224914], [-111.75230408754, 40.8530810120282], [-111.744546552953, 40.8606307983541], [-111.738916550556, 40.8611714691093], [-111.712248200038, 40.851673250256], [-111.706872436138, 40.8526476923706], [-111.700987095706, 40.861570360013], [-111.695574110112, 40.8618013124885], [-111.663834736577, 40.8501243082433], [-111.660458176036, 40.8452025872466], [-111.665692343888, 40.8306599612736], [-111.656813922931, 40.8305351861611], [-111.651769205281, 40.8240462012306], [-111.645548774384, 40.823995595449], [-111.63897819007, 40.8096997384554], [-111.642503439757, 40.8058065246208], [-111.641063224761, 40.7989311664009], [-111.646290404618, 40.7977714433396], [-111.648754475357, 40.7922507344126], [-111.643052766739, 40.7859487833557], [-111.649140337704, 40.7734487371847], [-111.639939464679, 40.770536325589], [-111.636852542546, 40.7631943402903], [-111.621049527392, 40.7579564203157], [-111.623548830057, 40.7535999256025], [-111.617450026557, 40.7464177645833], [-111.624486672111, 40.7410234148521], [-111.621666768806, 40.7377333941409], [-111.623310540249, 40.7312509658182], [-111.613480669557, 40.7280749529012], [-111.616391314384, 40.7230632816487], [-111.614912556272, 40.7196073624796], [-111.593972737168, 40.7027844100062], [-111.592779058513, 40.6989916037881], [-111.601156745955, 40.6879009808412], [-111.604534574917, 40.6665742367488], [-111.59620435176, 40.6591223176823], [-111.593883485053, 40.6516624569625], [-111.578062259251, 40.6438763268866], [-111.576721285636, 40.6337301863619], [-111.568981740711, 40.6294083439554], [-111.567431791113, 40.6232873120666], [-111.557596144254, 40.619603786836], [-111.558867668216, 40.6134329362645], [-111.553199962628, 40.6096486056904], [-111.559123079913, 40.6019527018614], [-111.560034717212, 40.5908061947963], [-111.564025697559, 40.5849229369775], [-111.570109527041, 40.5826399639002], [-111.577848816845, 40.5834357256895], [-111.600106856136, 40.5770710167806], [-111.605784232088, 40.5643884763055], [-111.637802247753, 40.5680458007122], [-111.650151792205, 40.5512907870554], [-111.661393681573, 40.5500333046803], [-111.663987159121, 40.5412969549694], [-111.678327463668, 40.5317867750686], [-111.698227772987, 40.5357141142934], [-111.713192526132, 40.5326669049635], [-111.720567093642, 40.5251491967489], [-111.735117719848, 40.5326970559485], [-111.739643373859, 40.5242079531798], [-111.743830901099, 40.5225018197078], [-111.762649793326, 40.5291529028732], [-111.787918107796, 40.5137124467134], [-111.791682738742, 40.505212970548], [-111.78956640046, 40.4978509749484], [-111.807603394572, 40.4894216659229]]]}}, {"type": "Feature", "properties": {"county": "Utah", "fips": 49}, "geometry": {"type": "Polygon", "coordinates": [[[-111.811317702794, 40.4883027404471], [-111.78956640046, 40.4978509749484], [-111.791682738742, 40.505212970548], [-111.787918107796, 40.5137124467134], [-111.762649793326, 40.5291529028732], [-111.743830901099, 40.5225018197078], [-111.739643373859, 40.5242079531798], [-111.735117719848, 40.5326970559485], [-111.720567093642, 40.5251491967489], [-111.713192526132, 40.5326669049635], [-111.698227772987, 40.5357141142934], [-111.67845106736, 40.5317500138661], [-111.663987159121, 40.5412969549694], [-111.661393681573, 40.5500333046803], [-111.650151792205, 40.5512907870554], [-111.637802247753, 40.5680458007122], [-111.605784232088, 40.5643884763055], [-111.602114110198, 40.5754750187072], [-111.593717403625, 40.5770878170247], [-111.581632060884, 40.566345899596], [-111.567755495433, 40.5472395607947], [-111.572631839154, 40.5374003137461], [-111.569784470757, 40.5260586678356], [-111.575374925722, 40.5164229541906], [-111.575414253067, 40.503071515332], [-111.57914306459, 40.5002511061943], [-111.574519920913, 40.4930039538406], [-111.574838919857, 40.4868267206746], [-111.595083288421, 40.467629721222], [-111.609449462652, 40.4663206334318], [-111.614802536006, 40.4576751764485], [-111.62033002985, 40.4553213218423], [-111.62096327026, 40.449803505362], [-111.617368813466, 40.4474813136752], [-111.617777631361, 40.4386818133934], [-111.612463274497, 40.4318992554407], [-111.599974216291, 40.434784576256], [-111.595285868399, 40.4325790736011], [-111.585407086237, 40.4177420400707], [-111.574167997816, 40.4101136514399], [-111.571719953919, 40.3931048813578], [-111.55567270211, 40.3667052408617], [-111.556177462773, 40.3557494645551], [-111.542650126372, 40.3591525258449], [-111.533348973513, 40.3550065221051], [-111.517567717352, 40.3579476450511], [-111.496384219447, 40.3519232583414], [-111.483973483554, 40.3611066741155], [-111.474137232128, 40.3498679001904], [-111.460132560629, 40.3432531373663], [-111.437887740945, 40.3216182079491], [-111.457372184186, 40.3006232853566], [-111.451971708531, 40.2971669223778], [-111.451592911434, 40.2932898990849], [-111.444037593906, 40.290314539117], [-111.433659325987, 40.2919215221358], [-111.426439874171, 40.2870157583874], [-111.412731566765, 40.2894754616316], [-111.410316435344, 40.2951509069341], [-111.402499548168, 40.2960072210251], [-111.39693689696, 40.2924452385857], [-111.392529037236, 40.2962171583173], [-111.381512468697, 40.2945467455962], [-111.37726382817, 40.2975067214131], [-111.360820930462, 40.288757066246], [-111.337189465018, 40.2883823852182], [-111.328518704012, 40.2822764768918], [-111.321331571783, 40.2873463926097], [-111.307910258144, 40.2839097875984], [-111.307968021614, 40.2746029787253], [-111.294354210688, 40.2707914141319], [-111.294231633771, 40.2655753030435], [-111.289894581054, 40.2662033915578], [-111.279015148428, 40.2589019074735], [-111.276713656585, 40.2525188768365], [-111.264838746895, 40.2422714384305], [-111.267487174388, 40.2370984492811], [-111.273655067316, 40.2361200227029], [-111.273457236731, 40.2220072186713], [-111.263972320905, 40.2113980877579], [-111.263897234323, 40.2056727452808], [-111.256406909008, 40.2011488048424], [-111.258174648858, 40.1978969596976], [-111.248002748215, 40.1938333965652], [-111.225344488803, 40.1667610902666], [-111.229104454798, 40.1586135945086], [-111.226729059456, 40.1558126970783], [-111.231475443007, 40.1479550831333], [-111.225408728227, 40.1439262612917], [-111.221525586139, 40.1245226083582], [-111.229881516384, 40.1069691164965], [-111.236024145093, 40.1036232002158], [-111.237190433216, 40.0948499374874], [-111.241766474629, 40.0917636835129], [-111.242344165917, 40.0859602603172], [-111.23798997604, 40.0802121145293], [-111.240657844873, 40.0734223212227], [-111.235923978447, 40.0695173526761], [-111.249229676213, 40.0554199579583], [-111.238084111397, 40.0385240486609], [-111.231834030705, 40.0357346949068], [-111.22591332899, 40.0370618103895], [-111.20386056103, 40.0492568275476], [-111.198674630013, 40.0417787553585], [-111.201240259787, 40.0372649570433], [-111.198076645783, 40.0315987763311], [-111.191402309648, 40.0296819064406], [-111.186629553357, 40.0201123199413], [-111.171664696905, 40.0106571722043], [-111.167961403824, 40.003184476218], [-111.17014960733, 39.9997665717223], [-111.167814010947, 39.9908322508374], [-111.159558189856, 39.9917935437635], [-111.15187526754, 39.9849663156458], [-111.143043462858, 39.9869552065311], [-111.134261732965, 39.9794830512839], [-111.13503400114, 39.9761530203922], [-111.129560114261, 39.9704965820917], [-111.119010699314, 39.9679130558842], [-111.120232989311, 39.9571044690567], [-111.131243179811, 39.9473933979828], [-111.082688052928, 39.9393157782391], [-111.083102107104, 39.9000588671213], [-110.85765798208, 39.8997133236376], [-110.857790814164, 39.8130209382968], [-111.621845040373, 39.8131674839807], [-111.766342607559, 39.8106250787908], [-111.75848074533, 39.824497992287], [-111.748908102728, 39.8328718401753], [-111.750118775711, 39.8410315090479], [-111.746695341079, 39.8498742932274], [-111.737693803317, 39.8513374307031], [-111.734610811313, 39.8565602119568], [-111.738065147093, 39.864178667471], [-111.75764784806, 39.8763013187035], [-111.761000148698, 39.8838881876087], [-111.757542621204, 39.8901177011384], [-111.768399356996, 39.8982100768729], [-111.781746480571, 39.9018284063084], [-111.782161734896, 39.907483762064], [-111.787031436474, 39.90926628645], [-111.789072525581, 39.915343032145], [-111.786222042725, 39.9213584031539], [-111.788566470445, 39.925797814396], [-111.824620995771, 39.9477244632316], [-111.832638076999, 39.9369771211569], [-111.833313306462, 39.92413338676], [-111.840834362245, 39.9238628547516], [-111.851024390891, 39.9161122019329], [-111.858806838455, 39.9152998041552], [-111.858401512311, 39.9104807829522], [-111.866209996646, 39.9057556576469], [-111.881307752555, 39.9076150325409], [-111.891433159993, 39.8981224352253], [-111.902814097787, 39.8985119069331], [-111.909475310435, 39.8945766487543], [-111.915342304573, 39.8836602000633], [-111.921068133855, 39.8801596165286], [-111.921693860756, 39.8744874903108], [-111.926607324661, 39.8728265771282], [-111.928095137791, 39.8648770515353], [-111.948290470019, 39.8489960931461], [-111.950426668256, 39.8343736820201], [-111.957699130556, 39.8367194976346], [-111.964787263051, 39.8254390145978], [-111.962726981438, 39.815964251264], [-111.969478396618, 39.8071144067922], [-111.989439108657, 39.8117346452255], [-111.990547701583, 39.8051344758349], [-112.003079498037, 39.8001299550924], [-112.004682458118, 39.7954985305663], [-112.015843551213, 39.7919821123299], [-112.030346549641, 39.7812225945572], [-112.041572862222, 39.7834334066406], [-112.047195344822, 39.7768551533935], [-112.055703104723, 39.777314156235], [-112.061295791103, 39.7822185693925], [-112.068513310643, 39.7773545853709], [-112.089854014621, 39.7818682779379], [-112.087276907971, 39.7906319974661], [-112.076767814805, 39.8001317515776], [-112.080034291299, 39.8021069790502], [-112.077767291169, 39.8091584185266], [-112.072720277426, 39.8121477955285], [-112.065426207948, 39.8300453982366], [-112.070400017082, 39.8380453433401], [-112.07522340332, 39.8396990772043], [-112.073997930593, 39.8473101631356], [-112.07694812375, 39.8528418251661], [-112.080579610897, 39.8533315174237], [-112.08123168808, 39.8650867468467], [-112.070590533584, 39.8698705166822], [-112.059142323653, 39.8800575063326], [-112.059567645397, 39.8871757953518], [-112.053535814895, 39.8934879876651], [-112.061515757973, 39.898600290319], [-112.062563104661, 39.9046857463246], [-112.072224267252, 39.9113225277065], [-112.08126762698, 39.91315310052], [-112.085259163384, 39.9254995607584], [-112.093290817981, 39.93016766886], [-112.103602015884, 39.9287725901776], [-112.102511729725, 39.9348509374789], [-112.106270191941, 39.9393109259204], [-112.103432442704, 39.9469961266599], [-112.094014153126, 39.9539101569678], [-112.1024353334, 39.9588937557638], [-112.109876799348, 39.9738101422596], [-112.132289376716, 39.9773052848592], [-112.141998225474, 39.9896476628418], [-112.15087622602, 39.9934609522539], [-112.150730968439, 39.9980662444802], [-112.160325213727, 40.007002577731], [-112.179811653024, 40.0116619146305], [-112.177487547891, 40.0298215536464], [-112.171997411387, 40.0397830757653], [-112.183780956125, 40.0599704441817], [-112.179995857963, 40.0672255689984], [-112.173160250878, 40.0662454070751], [-112.174559717394, 40.0818399425402], [-112.171421481695, 40.0855565467178], [-112.157945952933, 40.0891065930119], [-112.157013976877, 40.0984901253754], [-112.150903689315, 40.1073035704545], [-112.160824706669, 40.1142444297937], [-112.163774960912, 40.1234817845948], [-112.176262517135, 40.1310044915307], [-112.167780672731, 40.1466718687863], [-112.173961440313, 40.154496960497], [-112.158696447742, 40.1633933052279], [-112.155808930941, 40.1703872056108], [-112.145712960397, 40.1709650509475], [-112.144387143157, 40.1734872352432], [-112.153372414226, 40.181853214324], [-112.146882265063, 40.1894944407478], [-112.148631320854, 40.1956844347353], [-112.160510948496, 40.1992506965779], [-112.157253803702, 40.2032383375259], [-112.158552759518, 40.2067254065536], [-112.149497347992, 40.2121797539962], [-112.156900154042, 40.2194088184353], [-112.166944591831, 40.2181548064033], [-112.170594544747, 40.2257171579381], [-112.176699942779, 40.227722837855], [-112.179749404267, 40.2324260864999], [-112.179338145648, 40.2493710050776], [-112.183922275492, 40.2499692452568], [-112.183732421049, 40.2579667514543], [-112.192207922448, 40.2645059065855], [-112.186457773975, 40.2867452999479], [-112.192091985878, 40.3041063209793], [-112.198619770858, 40.3069352603504], [-112.197481024183, 40.3160821728617], [-112.192693222907, 40.3228973861332], [-112.196288087537, 40.3258422322138], [-112.17554480724, 40.3358431671023], [-112.194730692702, 40.3613355611631], [-112.193671267266, 40.3680401253218], [-112.188708031304, 40.3724695824284], [-112.201616871344, 40.3879981119305], [-112.1946502315, 40.4211147839603], [-112.209537157304, 40.4322660448642], [-112.214189234818, 40.4523158811589], [-112.212256871505, 40.4592323773239], [-112.19569747039, 40.4622651610871], [-112.189937250006, 40.4685631807593], [-112.172873500554, 40.4670709857452], [-112.160067896703, 40.461014799402], [-112.156027619508, 40.467235308292], [-112.143228408967, 40.4704427267732], [-112.114793036352, 40.4507020250369], [-112.11200562601, 40.4389200914589], [-112.093436463635, 40.4478628429683], [-112.06680062674, 40.4463955542128], [-112.036034083742, 40.4642751110647], [-112.033159250254, 40.4625576329754], [-112.031487127981, 40.450552950483], [-112.02035008099, 40.4472770747343], [-112.024809791472, 40.4443998252302], [-112.021350249956, 40.438798991318], [-112.016364799555, 40.4350168552755], [-112.010715195918, 40.4372321283702], [-112.006609145875, 40.4352130263729], [-112.009081411945, 40.432682493101], [-112.0064821205, 40.4265358518235], [-111.992787876221, 40.4243236586103], [-111.992258275343, 40.4200507665336], [-111.981973203144, 40.4141746673338], [-111.967984686049, 40.4197358391071], [-111.960052835178, 40.4183992864832], [-111.957358633131, 40.4219981794821], [-111.94602653584, 40.4248211757984], [-111.919126628387, 40.4431992032018], [-111.914865787841, 40.4522438157948], [-111.907552238397, 40.4535086639854], [-111.900892190864, 40.4634570510286], [-111.892390460455, 40.4640905641497], [-111.873633253742, 40.476972449164], [-111.865500436267, 40.4702904772678], [-111.857724621863, 40.4693844903424], [-111.846159466553, 40.4766179452085], [-111.836227040595, 40.4749166526331], [-111.834788765062, 40.4817759792293], [-111.826321521875, 40.4827302407578], [-111.826318424484, 40.4863356242114], [-111.811317702794, 40.4883027404471]]]}}]}